"id","turbine_id","manufacturer","name","turbine_type","nominal_power","rotor_diameter","rotor_area","hub_height","max_speed_drive","wind_class_iec","wind_zone_dibt","power_density","power_density_2","calculated","has_power_curve","power_curve_wind_speeds","power_curve_values","has_cp_curve","power_coefficient_curve_wind_speeds","power_coefficient_curve_values","has_ct_curve","thrust_coefficient_curve_wind_speeds","thrust_coefficient_curve_values","source"
0,1,"Enercon","E-141/4200 EP 4","E-141/4200",4200,141,15613,"99; 129; 135; 159",11.0,"IEC/EN IIA","WZ3 GK I; WZ3 GK I",269.0,3.7,True,True,"[1.0, 2.0, 3.0, 4.0, 5.0, 6.0, 7.0, 8.0, 9.0, 10.0, 11.0, 12.0, 13.0, 14.0, 15.0, 16.0, 17.0, 18.0, 19.0, 20.0, 21.0, 22.0, 23.0, 24.0, 25.0]","[0.0, 22.0, 104.0, 260.0, 523.0, 920.0, 1471.0, 2151.0, 2867.0, 3481.0, 3903.0, 4119.0, 4196.0, 4200.0, 4200.0, 4200.0, 4200.0, 4200.0, 4200.0, 4200.0, 4200.0, 4200.0, 4200.0, 4200.0, 4200.0]",True,"[1.0, 2.0, 3.0, 4.0, 5.0, 6.0, 7.0, 8.0, 9.0, 10.0, 11.0, 12.0, 13.0, 14.0, 15.0, 16.0, 17.0, 18.0, 19.0, 20.0, 21.0, 22.0, 23.0, 24.0, 25.0]","[0.0, 0.29, 0.4, 0.42, 0.44, 0.45, 0.45, 0.44, 0.41, 0.36, 0.31, 0.25, 0.2, 0.16, 0.13, 0.11, 0.09, 0.08, 0.06, 0.05, 0.05, 0.04, 0.04, 0.03, 0.03]",False,"","","https://www.enercon.de/fileadmin/Redakteur/Medien-Portal/broschueren/pdf/ENERCON_Produkt_de_042017.pdf; https://www.wind-turbine-models.com/turbines/"
1,2,"Enercon","E-126/4200 EP4","E-126/4200",4200,127,12666,"99; 135; 159",11.6,"IEC/EN IA; IEC/EN IIA","WZ4 GK I; WZ4 GK II; WZ3 GK I; WZ3 GK II",331.0,3.0,True,True,"[1.0, 2.0, 3.0, 4.0, 5.0, 6.0, 7.0, 8.0, 9.0, 10.0, 11.0, 12.0, 13.0, 14.0, 15.0, 16.0, 17.0, 18.0, 19.0, 20.0, 21.0, 22.0, 23.0, 24.0, 25.0]","[0.0, 0.0, 58.0, 185.0, 400.0, 745.0, 1200.0, 1790.0, 2450.0, 3120.0, 3660.0, 4000.0, 4150.0, 4200.0, 4200.0, 4200.0, 4200.0, 4200.0, 4200.0, 4200.0, 4200.0, 4200.0, 4200.0, 4200.0, 4200.0]",True,"[1.0, 2.0, 3.0, 4.0, 5.0, 6.0, 7.0, 8.0, 9.0, 10.0, 11.0, 12.0, 13.0, 14.0, 15.0, 16.0, 17.0, 18.0, 19.0, 20.0, 21.0, 22.0, 23.0, 24.0, 25.0]","[0.0, 0.0, 0.28, 0.37, 0.41, 0.44, 0.45, 0.45, 0.43, 0.4, 0.35, 0.3, 0.24, 0.2, 0.16, 0.13, 0.11, 0.09, 0.08, 0.07, 0.06, 0.05, 0.04, 0.04, 0.03]",False,"","","https://www.enercon.de/fileadmin/Redakteur/Medien-Portal/broschueren/pdf/ENERCON_Produkt_de_042017.pdf; https://www.wind-turbine-models.com/turbines/"
2,3,"Enercon","E-101/3500 E2","E-101/3500",3500,101,8011,"74; 99",14.5,"IEC/EN IA","WZ 4 GK I; WZ 4 GK II",436.8,2.3,True,True,"[1.0, 2.0, 3.0, 4.0, 5.0, 6.0, 7.0, 8.0, 9.0, 10.0, 11.0, 12.0, 13.0, 14.0, 15.0, 16.0, 17.0, 18.0, 19.0, 20.0, 21.0, 22.0, 23.0, 24.0, 25.0]","[0.0, 3.0, 37.0, 116.0, 253.0, 469.0, 775.0, 1175.0, 1680.0, 2280.0, 2810.0, 3200.0, 3400.0, 3465.0, 3500.0, 3500.0, 3500.0, 3500.0, 3500.0, 3500.0, 3500.0, 3500.0, 3500.0, 3500.0, 3500.0]",True,"[1.0, 2.0, 3.0, 4.0, 5.0, 6.0, 7.0, 8.0, 9.0, 10.0, 11.0, 12.0, 13.0, 14.0, 15.0, 16.0, 17.0, 18.0, 19.0, 20.0, 21.0, 22.0, 23.0, 24.0, 25.0]","[0.0, 0.08, 0.28, 0.37, 0.41, 0.44, 0.46, 0.47, 0.47, 0.46, 0.43, 0.38, 0.32, 0.26, 0.21, 0.17, 0.15, 0.12, 0.1, 0.09, 0.08, 0.07, 0.06, 0.05, 0.05]",False,"","","https://www.enercon.de/fileadmin/Redakteur/Medien-Portal/broschueren/pdf/ENERCON_Produkt_de_042017.pdf; https://www.wind-turbine-models.com/turbines/"
3,4,"Enercon","E-115/3200","E-115/3200",3200,116,10512,"92; 122; 135; 149",12.8,"IEC/EN IIA","WZ 4 GKI; WZ 4 GK II",304.4,3.3,True,True,"[1.0, 2.0, 3.0, 4.0, 5.0, 6.0, 7.0, 8.0, 9.0, 10.0, 11.0, 12.0, 13.0, 14.0, 15.0, 16.0, 17.0, 18.0, 19.0, 20.0, 21.0, 22.0, 23.0, 24.0, 25.0]","[0.0, 3.0, 49.0, 155.0, 339.0, 628.0, 1036.0, 1522.0, 2215.0, 2677.0, 3030.0, 3177.0, 3200.0, 3200.0, 3200.0, 3200.0, 3200.0, 3200.0, 3200.0, 3200.0, 3200.0, 3200.0, 3200.0, 3200.0, 3200.0]",True,"[1.0, 2.0, 3.0, 4.0, 5.0, 6.0, 7.0, 8.0, 9.0, 10.0, 11.0, 12.0, 13.0, 14.0, 15.0, 16.0, 17.0, 18.0, 19.0, 20.0, 21.0, 22.0, 23.0, 24.0, 25.0]","[0.0, 0.06, 0.28, 0.38, 0.42, 0.45, 0.47, 0.46, 0.45, 0.42, 0.35, 0.29, 0.23, 0.18, 0.15, 0.12, 0.1, 0.09, 0.07, 0.06, 0.05, 0.05, 0.04, 0.04, 0.03]",False,"","","https://www.enercon.de/fileadmin/Redakteur/Medien-Portal/broschueren/pdf/ENERCON_Produkt_de_042017.pdf; https://www.wind-turbine-models.com/turbines/"
4,5,"Enercon","E-101/3050 E2","E-101/3050",3050,101,8011,"99; 124; 135; 149",14.5,"IEC/EN IIA","WZ III; WZ 4 GK I",380.7,2.6,True,True,"[0.0, 0.5, 1.0, 1.5, 2.0, 2.5, 3.0, 3.5, 4.0, 4.5, 5.0, 5.5, 6.0, 6.5, 7.0, 7.5, 8.0, 8.5, 9.0, 9.5, 10.0, 10.5, 11.0, 11.5, 12.0, 12.5, 13.0, 13.5, 14.0, 14.5, 15.0, 15.5, 16.0, 16.5, 17.0, 17.5, 18.0, 18.5, 19.0, 19.5, 20.0, 20.5, 21.0, 21.5, 22.0, 22.5, 23.0, 23.5, 24.0, 24.5, 25.0, 25.5, 26.0, 26.5, 27.0, 27.5, 28.0, 28.5, 29.0, 29.5, 30.0, 30.5, 31.0, 31.5, 32.0, 32.5, 33.0, 33.5, 34.0, 34.5, 35.0]","[0.0, 0.0, 0.0, 0.0, 3.0, 22.0, 49.0, 92.0, 155.0, 240.0, 339.0, 480.0, 628.0, 830.0, 1035.0, 1292.0, 1549.0, 1820.0, 2090.0, 2350.0, 2580.0, 2775.0, 2900.0, 2980.0, 3000.0, 3000.0, 3000.0, 3000.0, 3000.0, 3000.0, 3000.0, 3000.0, 3000.0, 3000.0, 3000.0, 3000.0, 3000.0, 3000.0, 3000.0, 3000.0, 3000.0, 3000.0, 3000.0, 3000.0, 3000.0, 3000.0, 3000.0, 3000.0, 3000.0, 3000.0, 3000.0, 0.0, 0.0, 0.0, 0.0, 0.0, 0.0, 0.0, 0.0, 0.0, 0.0, 0.0, 0.0, 0.0, 0.0, 0.0, 0.0, 0.0, 0.0, 0.0, 0.0]",True,"[1.0, 2.0, 3.0, 4.0, 5.0, 6.0, 7.0, 8.0, 9.0, 10.0, 11.0, 12.0, 13.0, 14.0, 15.0, 16.0, 17.0, 18.0, 19.0, 20.0, 21.0, 22.0, 23.0, 24.0, 25.0]","[0.0, 0.076, 0.279, 0.376, 0.421, 0.452, 0.469, 0.478, 0.478, 0.477, 0.439, 0.358, 0.283, 0.227, 0.184, 0.152, 0.127, 0.107, 0.091, 0.078, 0.067, 0.058, 0.051, 0.045, 0.04]",False,"","","https://www.enercon.de/fileadmin/Redakteur/Medien-Portal/broschueren/pdf/ENERCON_Produkt_de_042017.pdf; https://www.wind-turbine-models.com/turbines/"
5,6,"Enercon","E-115/3000","E-115/3000",3000,116,10512,"92; 122; 135; 149",12.8,"IEC/EN IIA","WZIII; WZ4 GKI; WZ4 GK II",285.3,3.5,True,True,"[1.0, 2.0, 3.0, 4.0, 5.0, 6.0, 7.0, 8.0, 9.0, 10.0, 11.0, 12.0, 13.0, 14.0, 15.0, 16.0, 17.0, 18.0, 19.0, 20.0, 21.0, 22.0, 23.0, 24.0, 25.0]","[0.0, 3.0, 48.5, 155.0, 339.0, 627.5, 1035.5, 1549.0, 2090.0, 2580.0, 2900.0, 3000.0, 3000.0, 3000.0, 3000.0, 3000.0, 3000.0, 3000.0, 3000.0, 3000.0, 3000.0, 3000.0, 3000.0, 3000.0, 3000.0]",True,"[1.0, 2.0, 3.0, 4.0, 5.0, 6.0, 7.0, 8.0, 9.0, 10.0, 11.0, 12.0, 13.0, 14.0, 15.0, 16.0, 17.0, 18.0, 19.0, 20.0, 21.0, 22.0, 23.0, 24.0, 25.0]","[0.0, 0.058, 0.279, 0.376, 0.421, 0.451, 0.469, 0.47, 0.445, 0.401, 0.338, 0.27, 0.212, 0.17, 0.138, 0.114, 0.095, 0.08, 0.068, 0.058, 0.05, 0.044, 0.038, 0.034, 0.03]",False,"","","https://www.enercon.de/fileadmin/Redakteur/Medien-Portal/broschueren/pdf/ENERCON_Produkt_de_042017.pdf; https://www.wind-turbine-models.com/turbines/"
6,7,"Enercon","E-82/3000","E-82/3000",3000,82,5280,"69; 78; 84",18.0,"IEC/EN IA; IEC/EN IIA","",568.1,1.8,True,True,"[1.0, 2.0, 3.0, 4.0, 5.0, 6.0, 7.0, 8.0, 9.0, 10.0, 11.0, 12.0, 13.0, 14.0, 15.0, 16.0, 17.0, 18.0, 19.0, 20.0, 21.0, 22.0, 23.0, 24.0, 25.0]","[0.0, 0.0, 25.0, 82.0, 174.0, 321.0, 525.0, 800.0, 1135.0, 1510.0, 1880.0, 2200.0, 2500.0, 2770.0, 2910.0, 3000.0, 3020.0, 3020.0, 3020.0, 3020.0, 3020.0, 3020.0, 3020.0, 3020.0, 3020.0]",True,"[1.0, 2.0, 3.0, 4.0, 5.0, 6.0, 7.0, 8.0, 9.0, 10.0, 11.0, 12.0, 13.0, 14.0, 15.0, 16.0, 17.0, 18.0, 19.0, 20.0, 21.0, 22.0, 23.0, 24.0, 25.0]","[0.0, 0.0, 0.286, 0.396, 0.43, 0.459, 0.473, 0.483, 0.481, 0.467, 0.437, 0.394, 0.352, 0.312, 0.267, 0.226, 0.19, 0.16, 0.136, 0.117, 0.101, 0.088, 0.077, 0.068, 0.06]",False,"","","https://www.enercon.de/fileadmin/Redakteur/Medien-Portal/broschueren/pdf/ENERCON_Produkt_de_042017.pdf; https://www.wind-turbine-models.com/turbines/"
108,116,"Vensys","VENSYS77 1.5MW","VS77/1500",1500,77,4656," 61.5;85;100","","","","","","",False,"","",False,"","",False,"","",""
109,117,"Vensys","VENSYS70 1.5MW","VS70/1500",1500,70,3848,"65;85","","","","","","",False,"","",False,"","",False,"","",""
110,119,"GE Wind","Haliade 150-6MW","GE150/6000",6000,151,17906,"100; side spec","","Ib","","","","",False,"","",False,"","",False,"","","https://www.gerenewableenergy.com/wind-energy/turbines/offshore-turbine-haliade; https://www.wind-turbine-models.com/turbines/1446-general-electric-haliade-150-6mw"
7,8,"Enercon","E-92/2350","E-92/2350",2350,92,6647,"69; 78; 84; 85; 98; 104; 108; 138",16.0,"IEC/EN IIA","WZ III; WZ 4 GK I; WZ 4 GK II",353.5,2.8,True,True,"[1.0, 2.0, 3.0, 4.0, 5.0, 6.0, 7.0, 8.0, 9.0, 10.0, 11.0, 12.0, 13.0, 14.0, 15.0, 16.0, 17.0, 18.0, 19.0, 20.0, 21.0, 22.0, 23.0, 24.0, 25.0]","[0.0, 3.6, 29.9, 98.2, 208.3, 384.3, 637.0, 975.8, 1403.6, 1817.8, 2088.7, 2237.0, 2300.0, 2350.0, 2350.0, 2350.0, 2350.0, 2350.0, 2350.0, 2350.0, 2350.0, 2350.0, 2350.0, 2350.0, 2350.0]",True,"[1.0, 2.0, 3.0, 4.0, 5.0, 6.0, 7.0, 8.0, 9.0, 10.0, 11.0, 12.0, 13.0, 14.0, 15.0, 16.0, 17.0, 18.0, 19.0, 20.0, 21.0, 22.0, 23.0, 24.0, 25.0]","[0.0, 0.11, 0.27, 0.38, 0.41, 0.44, 0.46, 0.47, 0.47, 0.45, 0.39, 0.32, 0.26, 0.21, 0.17, 0.14, 0.12, 0.1, 0.08, 0.07, 0.06, 0.05, 0.05, 0.04, 0.04]",False,"","","https://www.enercon.de/fileadmin/Redakteur/Medien-Portal/broschueren/pdf/ENERCON_Produkt_de_042017.pdf; https://www.wind-turbine-models.com/turbines/"
8,9,"Enercon","E-82/2350","E-82/2350",2350,82,5280,"59; 69; 78; 84",18.0,"IEC/EN IA; IEC/EN IIA","WZ 4 GK I",445.0,2.2,True,True,"[1.0, 2.0, 3.0, 4.0, 5.0, 6.0, 7.0, 8.0, 9.0, 10.0, 11.0, 12.0, 13.0, 14.0, 15.0, 16.0, 17.0, 18.0, 19.0, 20.0, 21.0, 22.0, 23.0, 24.0, 25.0]","[0.0, 3.0, 25.0, 82.0, 174.0, 321.0, 532.0, 815.0, 1180.0, 1580.0, 1890.0, 2100.0, 2250.0, 2350.0, 2350.0, 2350.0, 2350.0, 2350.0, 2350.0, 2350.0, 2350.0, 2350.0, 2350.0, 2350.0, 2350.0]",True,"[1.0, 2.0, 3.0, 4.0, 5.0, 6.0, 7.0, 8.0, 9.0, 10.0, 11.0, 12.0, 13.0, 14.0, 15.0, 16.0, 17.0, 18.0, 19.0, 20.0, 21.0, 22.0, 23.0, 24.0, 25.0]","[0.0, 0.12, 0.29, 0.4, 0.43, 0.46, 0.48, 0.49, 0.5, 0.49, 0.44, 0.38, 0.32, 0.26, 0.22, 0.18, 0.15, 0.12, 0.11, 0.09, 0.08, 0.07, 0.06, 0.05, 0.05]",False,"","","https://www.enercon.de/fileadmin/Redakteur/Medien-Portal/broschueren/pdf/ENERCON_Produkt_de_042017.pdf; https://www.wind-turbine-models.com/turbines/"
10,11,"Enercon","E-70/2300 E4","E-70/2300",2300,71,3959,"57; 64; 75; 85; 98; 114",21.0,"IEC/EN IA; IEC/EN IIA","WZ III; WZ 4 GK I; WZ 4 GK II",581.0,1.7,True,True,"[1.0, 2.0, 3.0, 4.0, 5.0, 6.0, 7.0, 8.0, 9.0, 10.0, 11.0, 12.0, 13.0, 14.0, 15.0, 16.0, 17.0, 18.0, 19.0, 20.0, 21.0, 22.0, 23.0, 24.0, 25.0]","[0.0, 2.0, 18.0, 56.0, 127.0, 240.0, 400.0, 626.0, 892.0, 1223.0, 1590.0, 1900.0, 2080.0, 2230.0, 2300.0, 2310.0, 2310.0, 2310.0, 2310.0, 2310.0, 2310.0, 2310.0, 2310.0, 2310.0, 2310.0]",True,"[1.0, 2.0, 3.0, 4.0, 5.0, 6.0, 7.0, 8.0, 9.0, 10.0, 11.0, 12.0, 13.0, 14.0, 15.0, 16.0, 17.0, 18.0, 19.0, 20.0, 21.0, 22.0, 23.0, 24.0, 25.0]","[0.0, 0.1, 0.27, 0.36, 0.42, 0.46, 0.48, 0.5, 0.5, 0.5, 0.49, 0.45, 0.39, 0.34, 0.28, 0.23, 0.19, 0.16, 0.14, 0.12, 0.1, 0.09, 0.08, 0.07, 0.06]",False,"","","https://www.enercon.de/fileadmin/Redakteur/Medien-Portal/broschueren/pdf/ENERCON_Produkt_de_042017.pdf; https://www.wind-turbine-models.com/turbines/"
11,12,"Enercon","E-82/2000 E2","E-82/2000",2000,82,5280,"78; 84; 85; 98; 108; 138",18.0,"IEC/EN IIA","WZ III; WZ 4; WZ 4 GK I",378.7,2.6,True,True,"[1.0, 2.0, 3.0, 4.0, 5.0, 6.0, 7.0, 8.0, 9.0, 10.0, 11.0, 12.0, 13.0, 14.0, 15.0, 16.0, 17.0, 18.0, 19.0, 20.0, 21.0, 22.0, 23.0, 24.0, 25.0]","[0.0, 3.0, 25.0, 82.0, 174.0, 321.0, 532.0, 815.0, 1180.0, 1580.0, 1810.0, 1980.0, 2050.0, 2050.0, 2050.0, 2050.0, 2050.0, 2050.0, 2050.0, 2050.0, 2050.0, 2050.0, 2050.0, 2050.0, 2050.0]",True,"[1.0, 2.0, 3.0, 4.0, 5.0, 6.0, 7.0, 8.0, 9.0, 10.0, 11.0, 12.0, 13.0, 14.0, 15.0, 16.0, 17.0, 18.0, 19.0, 20.0, 21.0, 22.0, 23.0, 24.0, 25.0]","[0.0, 0.12, 0.29, 0.4, 0.43, 0.46, 0.48, 0.49, 0.5, 0.49, 0.42, 0.35, 0.29, 0.23, 0.19, 0.15, 0.13, 0.11, 0.09, 0.08, 0.07, 0.06, 0.05, 0.05, 0.04]",False,"","","https://www.enercon.de/fileadmin/Redakteur/Medien-Portal/broschueren/pdf/ENERCON_Produkt_de_042017.pdf; https://www.wind-turbine-models.com/turbines/"
12,13,"Enercon","E-70/2000","E-70/2000",2000,71,3959,"57; 64; 75; 85; 98; 114",21.5,"","",505.2,2.0,"",True,"[0.0, 0.5, 1.0, 1.5, 2.0, 2.5, 3.0, 3.5, 4.0, 4.5, 5.0, 5.5, 6.0, 6.5, 7.0, 7.5, 8.0, 8.5, 9.0, 9.5, 10.0, 10.5, 11.0, 11.5, 12.0, 12.5, 13.0, 13.5, 14.0, 14.5, 15.0, 15.5, 16.0, 16.5, 17.0, 17.5, 18.0, 18.5, 19.0, 19.5, 20.0, 20.5, 21.0, 21.5, 22.0, 22.5, 23.0, 23.5, 24.0, 24.5, 25.0]","[0.0, 0.0, 0.0, 0.0, 0.0, 10.0, 18.0, 37.0, 56.0, 92.0, 127.0, 184.0, 240.0, 320.0, 400.0, 513.0, 626.0, 759.0, 892.0, 1058.0, 1223.0, 1407.0, 1590.0, 1710.0, 1830.0, 1890.0, 1950.0, 2010.0, 2050.0, 2050.0, 2050.0, 2050.0, 2050.0, 2050.0, 2050.0, 2050.0, 2050.0, 2050.0, 2050.0, 2050.0, 2050.0, 2050.0, 2050.0, 2050.0, 2050.0, 2050.0, 2050.0, 2050.0, 2050.0, 2050.0, 2050.0]",False,"","",False,"","","https://www.thewindpower.net/turbine_en_174_enercon_e70-2000.php"
13,14,"Enercon","E-53/800","E-53/800",800,53,2198,"50; 60; 73",29.5,"IEC SA","WZ II exp.; WZ 3 GKI; WZ 4 GK II",364.0,2.7,True,True,"[1.0, 2.0, 3.0, 4.0, 5.0, 6.0, 7.0, 8.0, 9.0, 10.0, 11.0, 12.0, 13.0, 14.0, 15.0, 16.0, 17.0, 18.0, 19.0, 20.0, 21.0, 22.0, 23.0, 24.0, 25.0]","[0.0, 2.0, 14.0, 38.0, 77.0, 141.0, 228.0, 336.0, 480.0, 645.0, 744.0, 780.0, 810.0, 810.0, 810.0, 810.0, 810.0, 810.0, 810.0, 810.0, 810.0, 810.0, 810.0, 810.0, 810.0]",True,"[1.0, 2.0, 3.0, 4.0, 5.0, 6.0, 7.0, 8.0, 9.0, 10.0, 11.0, 12.0, 13.0, 14.0, 15.0, 16.0, 17.0, 18.0, 19.0, 20.0, 21.0, 22.0, 23.0, 24.0, 25.0]","[0.0, 0.19, 0.39, 0.44, 0.46, 0.48, 0.49, 0.49, 0.49, 0.48, 0.42, 0.34, 0.27, 0.22, 0.18, 0.15, 0.12, 0.1, 0.09, 0.08, 0.06, 0.06, 0.05, 0.04, 0.04]",False,"","","https://www.enercon.de/fileadmin/Redakteur/Medien-Portal/broschueren/pdf/ENERCON_Produkt_de_042017.pdf; https://www.wind-turbine-models.com/turbines/"
14,16,"Nordex","","N131/3900",3900,131,13477,"84; 106; 112; 134","","","",289.4,3.5,"",False,"","",False,"","",False,"","","http://www.nordex-online.com/de/produkte-service/windenergieanlagen/; https://www.wind-turbine-models.com/turbines/1583-nordex-n-131-3900-delta"
111,120,"GE Wind","GE 4.8-158","GE158/4800",4800,158,19604,"101;120.9;149;169","","","","","","",False,"","",False,"","",False,"","","https://www.gerenewableenergy.com/wind-energy/turbines/4mw-platform; https://www.wind-turbine-models.com/turbines/1719-general-electric-ge-4.8-158"
112,121,"GE Wind","GE 3.6-137","GE137/3600",3600,137,14739,"85;110;131.4;164.5","","IIIb","","","","",False,"","",False,"","",False,"","","https://www.wind-turbine-models.com/turbines/1551-general-electric-ge-3.6-137"
113,122,"GE Wind","GE 3.4-137","GE137/3400",3400,137,14739,"85;110;131;134;155","","","","","",True,False,"","",False,"","",False,"","","https://www.wind-turbine-models.com/turbines/1339-general-electric-ge-3.4-137"
15,17,"Nordex","","N131/3600",3600,131,13477,"84; 106; 112; 134",13.6,"IEC SA","",267.1,3.7,True,True,"[0.0, 0.5, 1.0, 1.5, 2.0, 2.5, 3.0, 3.5, 4.0, 4.5, 5.0, 5.5, 6.0, 6.5, 7.0, 7.5, 8.0, 8.5, 9.0, 9.5, 10.0, 10.5, 11.0, 11.5, 12.0, 12.5, 13.0, 13.5, 14.0, 14.5, 15.0, 15.5, 16.0, 16.5, 17.0, 17.5, 18.0, 18.5, 19.0, 19.5, 20.0]","[0.0, 0.0, 0.0, 0.0, 0.0, 0.0, 15.0, 90.0, 184.0, 301.0, 443.0, 610.0, 805.0, 1034.0, 1298.0, 1602.0, 1946.0, 2323.0, 2727.0, 3076.0, 3327.0, 3491.0, 3580.0, 3600.0, 3600.0, 3600.0, 3600.0, 3600.0, 3600.0, 3600.0, 3600.0, 3600.0, 3600.0, 3600.0, 3600.0, 3600.0, 3600.0, 3600.0, 3600.0, 3600.0, 3600.0]",True,"[0.0, 0.5, 1.0, 1.5, 2.0, 2.5, 3.0, 3.5, 4.0, 4.5, 5.0, 5.5, 6.0, 6.5, 7.0, 7.5, 8.0, 8.5, 9.0, 9.5, 10.0, 10.5, 11.0, 11.5, 12.0, 12.5, 13.0, 13.5, 14.0, 14.5, 15.0, 15.5, 16.0, 16.5, 17.0, 17.5, 18.0, 18.5, 19.0, 19.5, 20.0]","[0.0, 0.0, 0.0, 0.0, 0.0, 0.0, 0.067, 0.254, 0.348, 0.4, 0.429, 0.444, 0.451, 0.456, 0.458, 0.46, 0.46, 0.458, 0.453, 0.435, 0.403, 0.365, 0.326, 0.287, 0.252, 0.223, 0.198, 0.177, 0.159, 0.143, 0.129, 0.117, 0.106, 0.097, 0.089, 0.081, 0.075, 0.069, 0.064, 0.059, 0.055]",True,"[0.0, 0.5, 1.0, 1.5, 2.0, 2.5, 3.0, 3.5, 4.0, 4.5, 5.0, 5.5, 6.0, 6.5, 7.0, 7.5, 8.0, 8.5, 9.0, 9.5, 10.0, 10.5, 11.0, 11.5, 12.0, 12.5, 13.0, 13.5, 14.0, 14.5, 15.0, 15.5, 16.0, 16.5, 17.0, 17.5, 18.0, 18.5, 19.0, 19.5, 20.0]","[0.0, 0.0, 0.0, 0.0, 0.0, 0.0, 0.914, 0.904, 0.892, 0.879, 0.868, 0.856, 0.849, 0.847, 0.845, 0.844, 0.833, 0.822, 0.786, 0.736, 0.689, 0.55, 0.458, 0.39, 0.338, 0.295, 0.261, 0.232, 0.207, 0.186, 0.169, 0.153, 0.14, 0.128, 0.117, 0.108, 0.1, 0.093, 0.086, 0.08, 0.075]","http://www.nordex-online.com/de/produkte-service/windenergieanlagen/; https://www.wind-turbine-models.com/turbines/1466-nordex-n-131-3600-delta"
16,18,"Nordex","","N131/3300",3300,131,13477,"134; 164","","","","","","",True,"[3.0, 3.5, 4.0, 4.5, 5.0, 5.5, 6.0, 6.5, 7.0, 7.5, 8.0, 8.5, 9.0, 9.5, 10.0, 10.5, 11.0, 11.5, 12.0, 12.5, 13.0, 13.5, 14.0, 14.5, 15.0, 15.5, 16.0, 16.5, 17.0, 17.5, 18.0, 18.5, 19.0, 19.5, 20.0]","[33.0, 106.0, 197.0, 311.0, 447.0, 610.0, 804.0, 1032.0, 1298.0, 1601.0, 1936.0, 2292.0, 2635.0, 2901.0, 3091.0, 3215.0, 3281.0, 3300.0, 3300.0, 3300.0, 3300.0, 3300.0, 3300.0, 3300.0, 3300.0, 3300.0, 3300.0, 3300.0, 3300.0, 3300.0, 3300.0, 3300.0, 3300.0, 3300.0, 3300.0]",True,"[3.0, 3.5, 4.0, 4.5, 5.0, 5.5, 6.0, 6.5, 7.0, 7.5, 8.0, 8.5, 9.0, 9.5, 10.0, 10.5, 11.0, 11.5, 12.0, 12.5, 13.0, 13.5, 14.0, 14.5, 15.0, 15.5, 16.0, 16.5, 17.0, 17.5, 18.0, 18.5, 19.0, 19.5, 20.0]","[0.148, 0.299, 0.373, 0.413, 0.433, 0.444, 0.451, 0.455, 0.458, 0.46, 0.458, 0.452, 0.438, 0.41, 0.374, 0.336, 0.299, 0.263, 0.231, 0.205, 0.182, 0.162, 0.146, 0.131, 0.118, 0.107, 0.098, 0.089, 0.081, 0.075, 0.069, 0.063, 0.058, 0.054, 0.05]",True,"[3.0, 3.5, 4.0, 4.5, 5.0, 5.5, 6.0, 6.5, 7.0, 7.5, 8.0, 8.5, 9.0, 9.5, 10.0, 10.5, 11.0, 11.5, 12.0, 12.5, 13.0, 13.5, 14.0, 14.5, 15.0, 15.5, 16.0, 16.5, 17.0, 17.5, 18.0, 18.5, 19.0, 19.5, 20.0]","[0.881, 0.855, 0.831, 0.809, 0.788, 0.781, 0.779, 0.778, 0.778, 0.777, 0.777, 0.737, 0.7, 0.664, 0.6, 0.486, 0.409, 0.35, 0.304, 0.267, 0.236, 0.21, 0.188, 0.169, 0.153, 0.139, 0.127, 0.116, 0.107, 0.099, 0.091, 0.085, 0.079, 0.073, 0.069]","http://www.windenergie-im-binnenland.de/powercurve.php"
17,19,"Nordex","","N131/3000",3000,131,13477,"99; 114; 134","","","","","","",True,"[3.0, 3.5, 4.0, 4.5, 5.0, 5.5, 6.0, 6.5, 7.0, 7.5, 8.0, 8.5, 9.0, 9.5, 10.0, 10.5, 11.0, 11.5, 12.0, 12.5, 13.0, 13.5, 14.0, 14.5, 15.0, 15.5, 16.0, 16.5, 17.0, 17.5, 18.0, 18.5, 19.0, 19.5, 20.0]","[33.0, 104.0, 194.0, 306.0, 442.0, 607.0, 802.0, 1032.0, 1298.0, 1595.0, 1915.0, 2250.0, 2533.0, 2740.0, 2881.0, 2965.0, 2997.0, 3000.0, 3000.0, 3000.0, 3000.0, 3000.0, 3000.0, 3000.0, 3000.0, 3000.0, 3000.0, 3000.0, 3000.0, 3000.0, 3000.0, 3000.0, 3000.0, 3000.0, 3000.0]",True,"[3.0, 3.5, 4.0, 4.5, 5.0, 5.5, 6.0, 6.5, 7.0, 7.5, 8.0, 8.5, 9.0, 9.5, 10.0, 10.5, 11.0, 11.5, 12.0, 12.5, 13.0, 13.5, 14.0, 14.5, 15.0, 15.5, 16.0, 16.5, 17.0, 17.5, 18.0, 18.5, 19.0, 19.5, 20.0]","[0.148, 0.294, 0.367, 0.407, 0.428, 0.442, 0.45, 0.455, 0.458, 0.458, 0.453, 0.444, 0.421, 0.387, 0.349, 0.31, 0.273, 0.239, 0.21, 0.186, 0.165, 0.148, 0.132, 0.119, 0.108, 0.098, 0.089, 0.081, 0.074, 0.068, 0.062, 0.057, 0.053, 0.049, 0.045]",True,"[3.0, 3.5, 4.0, 4.5, 5.0, 5.5, 6.0, 6.5, 7.0, 7.5, 8.0, 8.5, 9.0, 9.5, 10.0, 10.5, 11.0, 11.5, 12.0, 12.5, 13.0, 13.5, 14.0, 14.5, 15.0, 15.5, 16.0, 16.5, 17.0, 17.5, 18.0, 18.5, 19.0, 19.5, 20.0]","[0.887, 0.852, 0.844, 0.843, 0.833, 0.839, 0.838, 0.837, 0.837, 0.801, 0.761, 0.72, 0.676, 0.634, 0.509, 0.421, 0.357, 0.307, 0.267, 0.234, 0.207, 0.184, 0.165, 0.149, 0.134, 0.122, 0.111, 0.102, 0.093, 0.086, 0.079, 0.074, 0.068, 0.064, 0.059]","http://www.windenergie-im-http://www.windenergie-im-binnenland.de/powercurve.php"
18,20,"Nordex","","N117/3600",3600,117,10750,"91; 120; 141","","","","","","",False,"","",False,"","",False,"","",""
19,21,"Nordex","","N117/3000",3000,117,10750,"91; 120; 141","","","","","","",False,"","",False,"","",False,"","",""
93,100,"Senvion/REpower","3.2M114 NES","S114/3200",3200,114,10206,"93; 119; 123; 143",12.1,"IEC IIA","4","","","",True,"[0.0, 1.0, 2.0, 3.0, 4.0, 5.0, 6.0, 7.0, 8.0, 9.0, 10.0, 11.0, 12.0, 13.0, 14.0, 15.0, 16.0, 17.0, 18.0, 19.0, 20.0, 21.0, 22.0]","[0.0, 0.0, 0.0, 23.0, 139.0, 330.0, 604.0, 990.0, 1502.0, 2102.0, 2697.0, 3098.0, 3200.0, 3200.0, 3200.0, 3200.0, 3200.0, 3200.0, 3200.0, 3200.0, 3200.0, 3200.0, 3200.0]",False,"","",False,"","","http://www.windenergie-im-binnenland.de/powercurve.php"
20,22,"Nordex","","N117/2400",2400,117,10713,"91; 120; 141",20.0,"IEC 3","",224.0,4.5,"",True,"[0.0, 0.5, 1.0, 1.5, 2.0, 2.5, 3.0, 3.5, 4.0, 4.5, 5.0, 5.5, 6.0, 6.5, 7.0, 7.5, 8.0, 8.5, 9.0, 9.5, 10.0, 10.5, 11.0, 11.5, 12.0, 12.5, 13.0, 13.5, 14.0, 14.5, 15.0, 15.5, 16.0, 16.5, 17.0, 17.5, 18.0, 18.5, 19.0, 19.5, 20.0]","[0.0, 0.0, 0.0, 0.0, 0.0, 0.0, 23.0, 81.0, 154.0, 245.0, 356.0, 488.0, 644.0, 826.0, 1037.0, 1273.0, 1528.0, 1797.0, 2039.0, 2212.0, 2325.0, 2385.0, 2400.0, 2400.0, 2400.0, 2400.0, 2400.0, 2400.0, 2400.0, 2400.0, 2400.0, 2400.0, 2400.0, 2400.0, 2400.0, 2400.0, 2400.0, 2400.0, 2400.0, 2400.0, 2400.0]",True,"[0.0, 0.5, 1.0, 1.5, 2.0, 2.5, 3.0, 3.5, 4.0, 4.5, 5.0, 5.5, 6.0, 6.5, 7.0, 7.5, 8.0, 8.5, 9.0, 9.5, 10.0, 10.5, 11.0, 11.5, 12.0, 12.5, 13.0, 13.5, 14.0, 14.5, 15.0, 15.5, 16.0, 16.5, 17.0, 17.5, 18.0, 18.5, 19.0, 19.5, 20.0]","[0.0, 0.0, 0.0, 0.0, 0.0, 0.0, 0.13, 0.29, 0.37, 0.41, 0.43, 0.45, 0.45, 0.46, 0.46, 0.46, 0.46, 0.45, 0.43, 0.39, 0.35, 0.31, 0.28, 0.24, 0.21, 0.19, 0.17, 0.15, 0.13, 0.12, 0.11, 0.1, 0.09, 0.08, 0.07, 0.07, 0.06, 0.06, 0.05, 0.05, 0.05]",True,"[0.0, 0.5, 1.0, 1.5, 2.0, 2.5, 3.0, 3.5, 4.0, 4.5, 5.0, 5.5, 6.0, 6.5, 7.0, 7.5, 8.0, 8.5, 9.0, 9.5, 10.0, 10.5, 11.0, 11.5, 12.0, 12.5, 13.0, 13.5, 14.0, 14.5, 15.0, 15.5, 16.0, 16.5, 17.0, 17.5, 18.0, 18.5, 19.0, 19.5, 20.0]","[0.0, 0.0, 0.0, 0.0, 0.0, 0.0, 0.91, 0.9, 0.9, 0.88, 0.87, 0.86, 0.86, 0.85, 0.84, 0.8, 0.76, 0.72, 0.69, 0.65, 0.51, 0.43, 0.36, 0.31, 0.27, 0.24, 0.21, 0.19, 0.17, 0.15, 0.14, 0.13, 0.11, 0.11, 0.1, 0.09, 0.08, 0.08, 0.07, 0.07, 0.06]","https://www.en.wind-turbine-models.com/turbines/96-nordex-n-117-gamma"
21,23,"Nordex","","N100/3300",3300,100,7853,"75;85;100","","","","","","",False,"","",False,"","",False,"","",""
63,68,"Siemens","SWT-3.3-130","SWT130/3300",3300,130,13272,"85;110;120;135","","","","","","",True,"[3.0, 4.0, 5.0, 6.0, 7.0, 8.0, 9.0, 10.0, 11.0, 12.0, 13.0, 14.0, 15.0, 16.0, 17.0, 18.0, 19.0, 20.0, 21.0, 22.0, 23.0, 24.0, 25.0]","[42.0, 180.0, 412.0, 760.0, 1241.0, 1864.0, 2588.0, 3122.0, 3278.0, 3298.0, 3300.0, 3300.0, 3300.0, 3300.0, 3300.0, 3300.0, 3300.0, 3300.0, 3300.0, 3300.0, 3300.0, 3300.0, 3300.0]",True,"[3.0, 4.0, 5.0, 6.0, 7.0, 8.0, 9.0, 10.0, 11.0, 12.0, 13.0, 14.0, 15.0, 16.0, 17.0, 18.0, 19.0, 20.0, 21.0, 22.0, 23.0, 24.0, 25.0]","[0.191, 0.346, 0.405, 0.433, 0.445, 0.448, 0.437, 0.384, 0.303, 0.235, 0.185, 0.148, 0.12, 0.099, 0.083, 0.07, 0.059, 0.051, 0.044, 0.038, 0.033, 0.029, 0.026]",True,"[3.0, 4.0, 5.0, 6.0, 7.0, 8.0, 9.0, 10.0, 11.0, 12.0, 13.0, 14.0, 15.0, 16.0, 17.0, 18.0, 19.0, 20.0, 21.0, 22.0, 23.0, 24.0, 25.0]","[0.775, 0.787, 0.819, 0.823, 0.829, 0.837, 0.806, 0.717, 0.537, 0.382, 0.29, 0.227, 0.183, 0.15, 0.125, 0.105, 0.09, 0.077, 0.067, 0.059, 0.052, 0.046, 0.042]","http://www.windenergie-im-binnenland.de/powercurve.php"
22,24,"Nordex","","N100/2500",2500,100,7853,"75;85;100","","","","","","",True,"[3.0, 3.5, 4.0, 4.5, 5.0, 5.5, 6.0, 6.5, 7.0, 7.5, 8.0, 8.5, 9.0, 9.5, 10.0, 10.5, 11.0, 11.5, 12.0, 12.5, 13.0, 13.5, 14.0, 14.5, 15.0, 15.5, 16.0, 16.5, 17.0, 17.5, 18.0, 18.5, 19.0, 19.5, 20.0, 20.5, 21.0, 21.5, 22.0, 22.5, 23.0, 23.5, 24.0, 24.5, 25.0]","[3.0, 46.0, 101.0, 171.0, 256.0, 356.0, 472.0, 608.0, 765.0, 945.0, 1148.0, 1372.0, 1615.0, 1877.0, 2108.0, 2282.0, 2401.0, 2473.0, 2498.0, 2500.0, 2500.0, 2500.0, 2500.0, 2500.0, 2500.0, 2500.0, 2500.0, 2500.0, 2500.0, 2500.0, 2500.0, 2500.0, 2500.0, 2500.0, 2500.0, 2500.0, 2500.0, 2500.0, 2500.0, 2500.0, 2500.0, 2500.0, 2500.0, 2500.0, 2500.0]",True,"[3.0, 3.5, 4.0, 4.5, 5.0, 5.5, 6.0, 6.5, 7.0, 7.5, 8.0, 8.5, 9.0, 9.5, 10.0, 10.5, 11.0, 11.5, 12.0, 12.5, 13.0, 13.5, 14.0, 14.5, 15.0, 15.5, 16.0, 16.5, 17.0, 17.5, 18.0, 18.5, 19.0, 19.5, 20.0, 20.5, 21.0, 21.5, 22.0, 22.5, 23.0, 23.5, 24.0, 24.5, 25.0]","[0.023, 0.224, 0.329, 0.392, 0.427, 0.447, 0.456, 0.462, 0.465, 0.468, 0.468, 0.466, 0.462, 0.457, 0.44, 0.411, 0.376, 0.339, 0.302, 0.267, 0.237, 0.212, 0.19, 0.171, 0.155, 0.14, 0.127, 0.116, 0.106, 0.097, 0.089, 0.082, 0.076, 0.07, 0.065, 0.061, 0.056, 0.053, 0.049, 0.046, 0.043, 0.04, 0.038, 0.035, 0.033]",True,"[3.0, 3.5, 4.0, 4.5, 5.0, 5.5, 6.0, 6.5, 7.0, 7.5, 8.0, 8.5, 9.0, 9.5, 10.0, 10.5, 11.0, 11.5, 12.0, 12.5, 13.0, 13.5, 14.0, 14.5, 15.0, 15.5, 16.0, 16.5, 17.0, 17.5, 18.0, 18.5, 19.0, 19.5, 20.0, 20.5, 21.0, 21.5, 22.0, 22.5, 23.0, 23.5, 24.0, 24.5, 25.0]","[1.14, 1.06, 1.0, 0.945, 0.898, 0.858, 0.824, 0.817, 0.813, 0.81, 0.81, 0.782, 0.755, 0.73, 0.707, 0.684, 0.558, 0.466, 0.399, 0.347, 0.305, 0.27, 0.241, 0.216, 0.194, 0.176, 0.16, 0.146, 0.134, 0.123, 0.113, 0.105, 0.098, 0.091, 0.085, 0.079, 0.074, 0.07, 0.065, 0.062, 0.058, 0.055, 0.052, 0.049, 0.047]",""
23,25,"Nordex","","N90/2500",2500,90,6361,"65;70;80","","","","","","",True,"[3.0, 3.5, 4.0, 4.5, 5.0, 5.5, 6.0, 6.5, 7.0, 7.5, 8.0, 8.5, 9.0, 9.5, 10.0, 10.5, 11.0, 11.5, 12.0, 12.5, 13.0, 13.5, 14.0, 14.5, 15.0, 15.5, 16.0, 16.5, 17.0, 17.5, 18.0, 18.5, 19.0, 19.5, 20.0, 20.5, 21.0, 21.5, 22.0, 22.5, 23.0, 23.5, 24.0, 24.5, 25.0, 26.0]","[1.0, 37.0, 84.0, 142.0, 212.0, 294.0, 391.0, 504.0, 635.0, 785.0, 951.0, 1131.0, 1321.0, 1520.0, 1722.0, 1924.0, 2122.0, 2280.0, 2389.0, 2459.0, 2495.0, 2500.0, 2500.0, 2500.0, 2500.0, 2500.0, 2500.0, 2500.0, 2500.0, 2500.0, 2500.0, 2500.0, 2500.0, 2500.0, 2500.0, 2500.0, 2500.0, 2500.0, 2500.0, 2500.0, 2500.0, 2500.0, 2500.0, 2500.0, 2500.0, 2500.0]",True,"[3.0, 3.5, 4.0, 4.5, 5.0, 5.5, 6.0, 6.5, 7.0, 7.5, 8.0, 8.5, 9.0, 9.5, 10.0, 10.5, 11.0, 11.5, 12.0, 12.5, 13.0, 13.5, 14.0, 14.5, 15.0, 15.5, 16.0, 16.5, 17.0, 17.5, 18.0, 18.5, 19.0, 19.5, 20.0, 20.5, 21.0, 21.5, 22.0, 22.5, 23.0, 23.5, 24.0, 24.5, 25.0, 26.0]","[0.01, 0.221, 0.337, 0.4, 0.435, 0.454, 0.465, 0.471, 0.475, 0.478, 0.477, 0.473, 0.465, 0.455, 0.442, 0.427, 0.409, 0.385, 0.355, 0.323, 0.291, 0.261, 0.234, 0.21, 0.19, 0.172, 0.157, 0.143, 0.131, 0.12, 0.11, 0.101, 0.094, 0.087, 0.08, 0.074, 0.069, 0.065, 0.06, 0.056, 0.053, 0.049, 0.046, 0.044, 0.041, 0.037]",True,"[3.0, 3.5, 4.0, 4.5, 5.0, 5.5, 6.0, 6.5, 7.0, 7.5, 8.0, 8.5, 9.0, 9.5, 10.0, 10.5, 11.0, 11.5, 12.0, 12.5, 13.0, 13.5, 14.0, 14.5, 15.0, 15.5, 16.0, 16.5, 17.0, 17.5, 18.0, 18.5, 19.0, 19.5, 20.0, 20.5, 21.0, 21.5, 22.0, 22.5, 23.0, 23.5, 24.0, 24.5, 25.0, 26.0]","[1.26, 1.15, 1.06, 0.996, 0.941, 0.894, 0.872, 0.87, 0.867, 0.864, 0.822, 0.783, 0.746, 0.709, 0.674, 0.638, 0.602, 0.567, 0.514, 0.433, 0.375, 0.329, 0.291, 0.26, 0.234, 0.211, 0.191, 0.175, 0.16, 0.147, 0.135, 0.124, 0.115, 0.107, 0.1, 0.093, 0.087, 0.082, 0.077, 0.072, 0.068, 0.064, 0.061, 0.058, 0.055, 0.055]","http://www.windenergie-im-binnenland.de/powercurve.php"
24,26,"Nordex","","N80/2500",2500,80,5026,"","","","","","","",False,"","",False,"","",False,"","",""
25,27,"Nordex","","AW140/3000",3000,140,15392,"","","","","","","",False,"","",False,"","",False,"","",""
26,28,"Nordex","","AW132/3000",3000,132,13683,"84; 120","","","","","","",False,"","",False,"","",False,"","",""
27,29,"Nordex","","AW125/3000",3000,125,12270,"87,5; 100; 120; 137,5","","","","","","",False,"","",False,"","",False,"","",""
28,30,"Nordex","","AW116/3000",3000,116,10567,"92; 100; 120","","","","","","",False,"","",False,"","",False,"","",""
29,31,"Nordex","","AW100/3000",3000,100,7853,"100;","","","","","","",False,"","",False,"","",False,"","",""
30,32,"Nordex","","AW82/1500",1500,82,5280,"80",16.7,"IEC lla","",283.6,3.5,"",False,"","",False,"","",False,"","","http://www.acciona-windpower.com/products-and-services/aw1500/aw821500/; https://www.wind-turbine-models.com/turbines/585-acciona-aw-82-1500"
31,33,"Nordex","","AW77/1500",1500,77,4656,"60; 71.5; 80",18.3,"IEC lla +","",325.0,3.1,"",False,"","",False,"","",False,"","","http://www.acciona-windpower.com/products-and-services/aw1500/aw771500/; https://www.wind-turbine-models.com/turbines/778-acciona-aw-77-1500"
32,34,"Nordex","","AW70/1500",1500,70,3848,"60; 80",20.2,"IEC la","",389.8,2.6,"",False,"","",False,"","",False,"","","http://www.acciona-windpower.com/products-and-services/aw1500/aw701500/; https://www.wind-turbine-models.com/turbines/777-acciona-aw-70-1500"
33,36,"Vestas","V164-8.0 MW","V164/8000",8000,164,21121,"105; 140","","","","","","",True,"[0.0, 1.0, 2.0, 3.0, 4.0, 5.0, 6.0, 7.0, 8.0, 9.0, 10.0, 11.0, 12.0, 13.0, 14.0, 15.0, 16.0, 17.0, 18.0, 19.0, 20.0, 21.0, 22.0, 23.0, 24.0, 25.0]","[0.0, 0.0, 0.0, 91.8, 526.7, 1123.1, 2043.9, 3134.6, 4486.4, 6393.2, 7363.8, 7834.4, 8026.4, 8077.2, 8077.2, 8077.2, 8077.2, 8077.2, 8077.2, 8077.2, 8077.2, 8077.2, 8077.2, 8077.2, 8077.2, 8077.2]",False,"","",False,"","","https://www.wind-turbine-models.com/turbines/1419-mhi-vestas-offshore-v164-8.0-mw"
34,37,"Vestas","V150-4.2 MW","V150/4200",4200,150,17669,"","","","","","","",False,"","",False,"","",False,"","",""
35,38,"Vestas","V136-4.2 MW","V136/4200",4200,136,14525,"","","","","","","",False,"","",False,"","",False,"","",""
36,39,"Vestas","V136-3.45 MW","V136/3450",3450,136,14525,"82; 112; 132; 149","","","",237.5,4.2,True,False,"","",False,"","",False,"","","https://www.vestas.com/en/products/turbines; https://www.wind-turbine-models.com/turbines/1282-vestas-v136-3.45"
37,41,"Vestas","V105-3.45 MW","V105/3450",3450,105,8658,"","","","","","","",False,"","",False,"","",False,"","",""
38,42,"Vestas","V120-2.2 MW","V120/2200",2200,120,11308,"80; 92; 118; 122; 137","","","","","","",False,"","",False,"","",False,"","",""
39,43,"Vestas","V116-2.1 MW","V116/2100",2100,116,10567,"84; 94","","","","","","",False,"","",False,"","",False,"","",""
40,44,"Vestas","V110-2.0 MW","V110/2000",2000,110,9502,"80;95;125","","","","","","",False,"","",False,"","",False,"","",""
41,45,"Vestas","V100-2.0 MW","V100/2000",2000,100,7853,"80; 95; 120","","","","","","",False,"","",False,"","",False,"","",""
98,105,"Senvion/REpower","MM82","MM82/2050",2050,82,5280,"","","","","","","",False,"","",False,"","",False,"","",""
99,107,"Vensys","VENSYS136 3.5MW","VS136/3500",3500,136,14525,"","","","","","","",False,"","",False,"","",False,"","","http://www.vensys.de/energy/produkte-und-service/vensys-3-mw.php"
100,108,"Vensys","VENSYS136 3.0MW","VS136/3000",3000,136,14525,"82;100;132","","","","","","",False,"","",False,"","",False,"","","http://www.vensys.de/energy/produkte-und-service/vensys-3-mw.php"
42,46,"Vestas","V126-3.45 MW","V126/3450",3450,126,12467,"117; 137; 147; 149","","","",276.7,3.6,True,True,"[0.0, 0.5, 1.0, 1.5, 2.0, 2.5, 3.0, 3.5, 4.0, 4.5, 5.0, 5.5, 6.0, 6.5, 7.0, 7.5, 8.0, 8.5, 9.0, 9.5, 10.0, 10.5, 11.0, 11.5, 12.0, 12.5, 13.0, 13.5, 14.0, 14.5, 15.0, 15.5, 16.0, 16.5, 17.0, 17.5, 18.0, 18.5, 19.0, 19.5, 20.0, 20.5, 21.0, 21.5, 22.0, 22.5]","[0.0, 0.0, 0.0, 0.0, 0.0, 0.0, 35.0, 101.0, 184.0, 283.0, 404.0, 550.0, 725.0, 932.0, 1172.0, 1446.0, 1760.0, 2104.0, 2482.0, 2865.0, 3187.0, 3366.0, 3433.0, 3448.0, 3450.0, 3450.0, 3450.0, 3450.0, 3450.0, 3450.0, 3450.0, 3450.0, 3450.0, 3450.0, 3450.0, 3450.0, 3450.0, 3450.0, 3450.0, 3450.0, 3450.0, 3450.0, 3450.0, 3450.0, 3450.0, 3450.0]",True,"[0.0, 0.5, 1.0, 1.5, 2.0, 2.5, 3.0, 3.5, 4.0, 4.5, 5.0, 5.5, 6.0, 6.5, 7.0, 7.5, 8.0, 8.5, 9.0, 9.5, 10.0, 10.5, 11.0, 11.5, 12.0, 12.5, 13.0, 13.5, 14.0, 14.5, 15.0, 15.5, 16.0, 16.5, 17.0, 17.5, 18.0, 18.5, 19.0, 19.5, 20.0, 20.5, 21.0, 21.5, 22.0, 22.5]","[0.0, 0.0, 0.0, 0.0, 0.0, 0.0, 0.17, 0.308, 0.376, 0.407, 0.423, 0.433, 0.439, 0.444, 0.447, 0.449, 0.45, 0.449, 0.446, 0.438, 0.417, 0.381, 0.338, 0.297, 0.261, 0.231, 0.206, 0.184, 0.165, 0.148, 0.134, 0.121, 0.11, 0.101, 0.092, 0.084, 0.077, 0.071, 0.066, 0.061, 0.056, 0.052, 0.049, 0.045, 0.042, 0.04]",True,"[0.0, 0.5, 1.0, 1.5, 2.0, 2.5, 3.0, 3.5, 4.0, 4.5, 5.0, 5.5, 6.0, 6.5, 7.0, 7.5, 8.0, 8.5, 9.0, 9.5, 10.0, 10.5, 11.0, 11.5, 12.0, 12.5, 13.0, 13.5, 14.0, 14.5, 15.0, 15.5, 16.0, 16.5, 17.0, 17.5, 18.0, 18.5, 19.0, 19.5, 20.0, 20.5, 21.0, 21.5, 22.0, 22.5]","[0.0, 0.0, 0.0, 0.0, 0.0, 0.0, 0.892, 0.852, 0.821, 0.825, 0.831, 0.826, 0.818, 0.809, 0.805, 0.794, 0.778, 0.765, 0.751, 0.723, 0.665, 0.577, 0.489, 0.415, 0.356, 0.309, 0.271, 0.242, 0.215, 0.193, 0.173, 0.157, 0.143, 0.131, 0.12, 0.11, 0.102, 0.094, 0.087, 0.081, 0.076, 0.071, 0.066, 0.063, 0.059, 0.056]","https://www.vestas.com/en/products/turbines; https://www.wind-turbine-models.com/turbines/1249-vestas-v126-3.45"
43,47,"Vestas","V126-3.3 MW","V126/3300",3300,126,12467,"117;137","","IEC IIIa","",264.7,3.8,True,True,"[0.0, 0.5, 1.0, 1.5, 2.0, 2.5, 3.0, 3.5, 4.0, 4.5, 5.0, 5.5, 6.0, 6.5, 7.0, 7.5, 8.0, 8.5, 9.0, 9.5, 10.0, 10.5, 11.0, 11.5, 12.0, 12.5, 13.0, 13.5, 14.0, 14.5, 15.0, 15.5, 16.0, 16.5, 17.0, 17.5, 18.0, 18.5, 19.0, 19.5, 20.0, 20.5, 21.0, 21.5, 22.0, 22.5]","[0.0, 0.0, 0.0, 0.0, 0.0, 0.0, 30.0, 97.0, 179.0, 278.0, 397.0, 539.0, 711.0, 913.0, 1150.0, 1420.0, 1723.0, 2060.0, 2434.0, 2804.0, 3090.0, 3238.0, 3290.0, 3299.0, 3300.0, 3300.0, 3300.0, 3300.0, 3300.0, 3300.0, 3300.0, 3300.0, 3300.0, 3300.0, 3300.0, 3300.0, 3300.0, 3300.0, 3300.0, 3300.0, 3300.0, 3300.0, 3300.0, 3300.0, 3300.0, 3300.0]",True,"[0.0, 0.5, 1.0, 1.5, 2.0, 2.5, 3.0, 3.5, 4.0, 4.5, 5.0, 5.5, 6.0, 6.5, 7.0, 7.5, 8.0, 8.5, 9.0, 9.5, 10.0, 10.5, 11.0, 11.5, 12.0, 12.5, 13.0, 13.5, 14.0, 14.5, 15.0, 15.5, 16.0, 16.5, 17.0, 17.5, 18.0, 18.5, 19.0, 19.5, 20.0, 20.5, 21.0, 21.5, 22.0, 22.5]","[0.0, 0.0, 0.0, 0.0, 0.0, 0.0, 0.15, 0.3, 0.37, 0.4, 0.42, 0.42, 0.43, 0.44, 0.44, 0.44, 0.44, 0.44, 0.44, 0.43, 0.41, 0.37, 0.32, 0.28, 0.25, 0.22, 0.2, 0.18, 0.16, 0.14, 0.13, 0.12, 0.11, 0.1, 0.09, 0.08, 0.07, 0.07, 0.06, 0.06, 0.05, 0.05, 0.05, 0.04, 0.04, 0.04]",True,"[0.0, 0.5, 1.0, 1.5, 2.0, 2.5, 3.0, 3.5, 4.0, 4.5, 5.0, 5.5, 6.0, 6.5, 7.0, 7.5, 8.0, 8.5, 9.0, 9.5, 10.0, 10.5, 11.0, 11.5, 12.0, 12.5, 13.0, 13.5, 14.0, 14.5, 15.0, 15.5, 16.0, 16.5, 17.0, 17.5, 18.0, 18.5, 19.0, 19.5, 20.0, 20.5, 21.0, 21.5, 22.0, 22.5]","[0.0, 0.0, 0.0, 0.0, 0.0, 0.0, 0.92, 0.89, 0.84, 0.81, 0.8, 0.8, 0.79, 0.78, 0.77, 0.76, 0.75, 0.74, 0.73, 0.71, 0.65, 0.56, 0.47, 0.4, 0.34, 0.3, 0.26, 0.23, 0.21, 0.19, 0.17, 0.15, 0.14, 0.13, 0.12, 0.11, 0.1, 0.09, 0.08, 0.08, 0.07, 0.07, 0.06, 0.06, 0.06, 0.05]","https://www.wind-turbine-models.com/turbines/695-vestas-v126-3.3; https://www.vestas.com/en/products/turbines; https://www.wind-turbine-models.com/turbines/695-vestas-v126-3.3"
44,48,"Vestas","V126-3.0 MW","V126/3000",3000,126,12467,"119","","","","","",True,True,"[3.0, 3.5, 4.0, 4.5, 5.0, 5.5, 6.0, 6.5, 7.0, 7.5, 8.0, 8.5, 9.0, 9.5, 10.0, 10.5, 11.0, 11.5, 12.0, 12.5, 13.0, 13.5, 14.0, 14.5, 15.0, 15.5, 16.0, 16.5, 17.0, 17.5, 18.0, 18.5, 19.0, 19.5, 20.0, 20.5, 21.0, 21.5, 22.0, 22.5]","[20.0, 88.0, 173.0, 276.0, 397.0, 540.0, 712.0, 914.0, 1151.0, 1420.0, 1723.0, 2063.0, 2433.0, 2738.0, 2920.0, 2985.0, 2999.0, 3000.0, 3000.0, 3000.0, 3000.0, 3000.0, 3000.0, 3000.0, 3000.0, 3000.0, 3000.0, 3000.0, 3000.0, 3000.0, 3000.0, 3000.0, 3000.0, 3000.0, 3000.0, 3000.0, 3000.0, 3000.0, 3000.0, 3000.0]",True,"[3.0, 3.5, 4.0, 4.5, 5.0, 5.5, 6.0, 6.5, 7.0, 7.5, 8.0, 8.5, 9.0, 9.5, 10.0, 10.5, 11.0, 11.5, 12.0, 12.5, 13.0, 13.5, 14.0, 14.5, 15.0, 15.5, 16.0, 16.5, 17.0, 17.5, 18.0, 18.5, 19.0, 19.5, 20.0, 20.5, 21.0, 21.5, 22.0, 22.5]","[0.097, 0.269, 0.354, 0.397, 0.416, 0.425, 0.432, 0.436, 0.439, 0.441, 0.441, 0.44, 0.437, 0.418, 0.382, 0.338, 0.295, 0.258, 0.227, 0.201, 0.179, 0.16, 0.143, 0.129, 0.116, 0.105, 0.096, 0.087, 0.08, 0.073, 0.067, 0.062, 0.057, 0.053, 0.049, 0.046, 0.042, 0.04, 0.037, 0.034]",True,"[3.0, 3.5, 4.0, 4.5, 5.0, 5.5, 6.0, 6.5, 7.0, 7.5, 8.0, 8.5, 9.0, 9.5, 10.0, 10.5, 11.0, 11.5, 12.0, 12.5, 13.0, 13.5, 14.0, 14.5, 15.0, 15.5, 16.0, 16.5, 17.0, 17.5, 18.0, 18.5, 19.0, 19.5, 20.0, 20.5, 21.0, 21.5, 22.0, 22.5]","[0.93, 0.874, 0.852, 0.831, 0.811, 0.803, 0.794, 0.785, 0.776, 0.765, 0.754, 0.748, 0.741, 0.688, 0.596, 0.497, 0.415, 0.353, 0.305, 0.267, 0.235, 0.21, 0.188, 0.169, 0.152, 0.138, 0.126, 0.115, 0.105, 0.097, 0.09, 0.083, 0.077, 0.072, 0.067, 0.063, 0.059, 0.056, 0.052, 0.049]","https://www.wind-turbine-models.com/turbines/1345-vestas-v126-3.0"
45,49,"Vestas","V117-4.2 MW","V117/4200",4200,117,10750,"84 ; 91.5","","IEC IIA","","","",True,False,"","",False,"","",False,"","",""
46,50,"Vestas","V117-4.0 MW","V117/4000",4000,117,10750,"84  ; 91.5","","","","","",True,False,"","",False,"","",False,"","",""
47,51,"Vestas","V117-3.45 MW","V117/3450",3450,117,10750,"91.5; 116.5; 141.5","","","",320.9,3.1,True,True,"[3.0, 3.5, 4.0, 4.5, 5.0, 5.5, 6.0, 6.5, 7.0, 7.5, 8.0, 8.5, 9.0, 9.5, 10.0, 10.5, 11.0, 11.5, 12.0, 12.5, 13.0, 13.5, 14.0, 14.5, 15.0, 15.5, 16.0, 16.5, 17.0, 17.5, 18.0, 18.5, 19.0, 19.5, 20.0, 20.5, 21.0, 21.5, 22.0, 22.5, 23.0, 23.5, 24.0, 24.5, 25.0]","[22.0, 78.0, 150.0, 237.0, 340.0, 466.0, 617.0, 796.0, 1006.0, 1247.0, 1522.0, 1831.0, 2178.0, 2544.0, 2905.0, 3201.0, 3374.0, 3435.0, 3448.0, 3450.0, 3450.0, 3450.0, 3450.0, 3450.0, 3450.0, 3450.0, 3450.0, 3450.0, 3450.0, 3450.0, 3450.0, 3450.0, 3450.0, 3450.0, 3450.0, 3450.0, 3450.0, 3450.0, 3450.0, 3450.0, 3450.0, 3450.0, 3450.0, 3450.0, 3450.0]",True,"[3.0, 3.5, 4.0, 4.5, 5.0, 5.5, 6.0, 6.5, 7.0, 7.5, 8.0, 8.5, 9.0, 9.5, 10.0, 10.5, 11.0, 11.5, 12.0, 12.5, 13.0, 13.5, 14.0, 14.5, 15.0, 15.5, 16.0, 16.5, 17.0, 17.5, 18.0, 18.5, 19.0, 19.5, 20.0, 20.5, 21.0, 21.5, 22.0, 22.5, 23.0, 23.5, 24.0, 24.5, 25.0]","[0.124, 0.276, 0.356, 0.395, 0.413, 0.425, 0.434, 0.44, 0.445, 0.449, 0.451, 0.453, 0.454, 0.451, 0.441, 0.42, 0.385, 0.343, 0.303, 0.268, 0.238, 0.213, 0.191, 0.172, 0.155, 0.141, 0.128, 0.117, 0.107, 0.098, 0.09, 0.083, 0.076, 0.071, 0.065, 0.061, 0.057, 0.053, 0.049, 0.046, 0.043, 0.04, 0.038, 0.036, 0.034]",True,"[3.0, 3.5, 4.0, 4.5, 5.0, 5.5, 6.0, 6.5, 7.0, 7.5, 8.0, 8.5, 9.0, 9.5, 10.0, 10.5, 11.0, 11.5, 12.0, 12.5, 13.0, 13.5, 14.0, 14.5, 15.0, 15.5, 16.0, 16.5, 17.0, 17.5, 18.0, 18.5, 19.0, 19.5, 20.0, 20.5, 21.0, 21.5, 22.0, 22.5, 23.0, 23.5, 24.0, 24.5, 25.0]","[0.873, 0.849, 0.834, 0.828, 0.827, 0.825, 0.82, 0.816, 0.815, 0.804, 0.794, 0.79, 0.789, 0.772, 0.733, 0.666, 0.58, 0.494, 0.421, 0.362, 0.316, 0.281, 0.249, 0.223, 0.199, 0.18, 0.164, 0.149, 0.137, 0.125, 0.115, 0.107, 0.098, 0.091, 0.085, 0.079, 0.074, 0.07, 0.066, 0.062, 0.058, 0.055, 0.052, 0.049, 0.046]","https://www.vestas.com/en/products/turbines; https://www.wind-turbine-models.com/turbines/1248-vestas-v117-3.45"
48,52,"Vestas","V117-3.3 MW","V117/3300",3300,117,10750,"91.5; 116.5","","","","","",True,True,"[3.0, 3.5, 4.0, 4.5, 5.0, 5.5, 6.0, 6.5, 7.0, 7.5, 8.0, 8.5, 9.0, 9.5, 10.0, 10.5, 11.0, 11.5, 12.0, 12.5, 13.0, 13.5, 14.0, 14.5, 15.0, 15.5, 16.0, 16.5, 17.0, 17.5, 18.0, 18.5, 19.0, 19.5, 20.0, 20.5, 21.0, 21.5, 22.0, 22.5, 23.0, 23.5, 24.0, 24.5, 25.0]","[24.0, 80.0, 147.0, 228.0, 327.0, 449.0, 597.0, 772.0, 978.0, 1214.0, 1482.0, 1783.0, 2114.0, 2463.0, 2803.0, 3063.0, 3216.0, 3281.0, 3297.0, 3300.0, 3300.0, 3300.0, 3300.0, 3300.0, 3300.0, 3300.0, 3300.0, 3300.0, 3300.0, 3300.0, 3300.0, 3300.0, 3300.0, 3300.0, 3300.0, 3300.0, 3300.0, 3300.0, 3300.0, 3300.0, 3300.0, 3300.0, 3300.0, 3300.0, 3300.0]",True,"[3.0, 3.5, 4.0, 4.5, 5.0, 5.5, 6.0, 6.5, 7.0, 7.5, 8.0, 8.5, 9.0, 9.5, 10.0, 10.5, 11.0, 11.5, 12.0, 12.5, 13.0, 13.5, 14.0, 14.5, 15.0, 15.5, 16.0, 16.5, 17.0, 17.5, 18.0, 18.5, 19.0, 19.5, 20.0, 20.5, 21.0, 21.5, 22.0, 22.5, 23.0, 23.5, 24.0, 24.5, 25.0]","[0.135, 0.283, 0.349, 0.38, 0.397, 0.41, 0.42, 0.427, 0.433, 0.437, 0.44, 0.441, 0.44, 0.436, 0.426, 0.402, 0.367, 0.328, 0.29, 0.257, 0.228, 0.204, 0.183, 0.164, 0.148, 0.135, 0.122, 0.112, 0.102, 0.094, 0.086, 0.079, 0.073, 0.068, 0.063, 0.058, 0.054, 0.05, 0.047, 0.044, 0.041, 0.039, 0.036, 0.034, 0.032]",True,"[3.0, 3.5, 4.0, 4.5, 5.0, 5.5, 6.0, 6.5, 7.0, 7.5, 8.0, 8.5, 9.0, 9.5, 10.0, 10.5, 11.0, 11.5, 12.0, 12.5, 13.0, 13.5, 14.0, 14.5, 15.0, 15.5, 16.0, 16.5, 17.0, 17.5, 18.0, 18.5, 19.0, 19.5, 20.0, 20.5, 21.0, 21.5, 22.0, 22.5, 23.0, 23.5, 24.0[3.0, 3.5, 4.0, 4.5, 5.0, 5.5, 6.0, 6.5, 7.0, 7.5, 8.0, 8.5, 9.0, 9.5, 10.0, 10.5, 11.0, 11.5, 12.0, 12.5, 13.0, 13.5, 14.0, 14.5, 15.0, 15.5, 16.0, 16.5, 17.0, 17.5, 18.0, 18.5, 19.0, 19.5, 20.0, 20.5, 21.0, 21.5, 22.0, 22.5, 23.0, 23.5, 24.0, 24.5, 25.0]","[0.952, 0.912, 0.856, 0.83, 0.823, 0.822, 0.817, 0.811, 0.804, 0.797, 0.79, 0.782, 0.773, 0.755, 0.716, 0.645, 0.558, 0.473, 0.402, 0.346, 0.302, 0.267, 0.237, 0.212, 0.189, 0.171, 0.155, 0.141, 0.129, 0.118, 0.109, 0.101, 0.093, 0.086, 0.08, 0.074, 0.069, 0.066, 0.061, 0.058, 0.054, 0.051, 0.048, 0.045, 0.043]",""
49,53,"Vestas","V112-3.45 MW","V112/3450",3450,112,9851,"84;","","","",350.2,2.9,True,True,"[0.0, 0.5, 1.0, 1.5, 2.0, 2.5, 3.0, 3.5, 4.0, 4.5, 5.0, 5.5, 6.0, 6.5, 7.0, 7.5, 8.0, 8.5, 9.0, 9.5, 10.0, 10.5, 11.0, 11.5, 12.0, 12.5, 13.0, 13.5, 14.0, 14.5, 15.0, 15.5, 16.0, 16.5, 17.0, 17.5, 18.0, 18.5, 19.0, 19.5, 20.0, 20.5, 21.0, 21.5, 22.0, 22.5, 23.0, 23.5, 24.0, 24.5, 25.0]","[0.0, 0.0, 0.0, 0.0, 0.0, 0.0, 7.0, 53.0, 123.0, 208.0, 309.0, 427.0, 567.0, 732.0, 927.0, 1149.0, 1401.0, 1688.0, 2006.0, 2348.0, 2693.0, 3011.0, 3252.0, 3388.0, 3436.0, 3448.0, 3450.0, 3450.0, 3450.0, 3450.0, 3450.0, 3450.0, 3450.0, 3450.0, 3450.0, 3450.0, 3450.0, 3450.0, 3450.0, 3450.0, 3450.0, 3450.0, 3450.0, 3450.0, 3450.0, 3450.0, 3450.0, 3450.0, 3450.0, 3450.0, 3450.0]",True,"[0.0, 0.5, 1.0, 1.5, 2.0, 2.5, 3.0, 3.5, 4.0, 4.5, 5.0, 5.5, 6.0, 6.5, 7.0, 7.5, 8.0, 8.5, 9.0, 9.5, 10.0, 10.5, 11.0, 11.5, 12.0, 12.5, 13.0, 13.5, 14.0, 14.5, 15.0, 15.5, 16.0, 16.5, 17.0, 17.5, 18.0, 18.5, 19.0, 19.5, 20.0, 20.5, 21.0, 21.5, 22.0, 22.5, 23.0, 23.5, 24.0, 24.5, 25.0]","[0.0, 0.0, 0.0, 0.0, 0.0, 0.0, 0.043, 0.205, 0.318, 0.378, 0.41, 0.425, 0.435, 0.442, 0.448, 0.451, 0.453, 0.455, 0.456, 0.454, 0.446, 0.431, 0.405, 0.369, 0.33, 0.293, 0.26, 0.232, 0.208, 0.188, 0.169, 0.154, 0.14, 0.127, 0.116, 0.107, 0.098, 0.09, 0.083, 0.077, 0.071, 0.066, 0.062, 0.058, 0.054, 0.05, 0.047, 0.044, 0.041, 0.039, 0.037]",True,"[0.0, 0.5, 1.0, 1.5, 2.0, 2.5, 3.0, 3.5, 4.0, 4.5, 5.0, 5.5, 6.0, 6.5, 7.0, 7.5, 8.0, 8.5, 9.0, 9.5, 10.0, 10.5, 11.0, 11.5, 12.0, 12.5, 13.0, 13.5, 14.0, 14.5, 15.0, 15.5, 16.0, 16.5, 17.0, 17.5, 18.0, 18.5, 19.0, 19.5, 20.0, 20.5, 21.0, 21.5, 22.0, 22.5, 23.0, 23.5, 24.0, 24.5, 25.0]","[0.0, 0.0, 0.0, 0.0, 0.0, 0.0, 0.9, 0.86, 0.83, 0.82, 0.81, 0.81, 0.81, 0.8, 0.8, 0.79, 0.78, 0.77, 0.76, 0.75, 0.71, 0.66, 0.59, 0.51, 0.45, 0.39, 0.34, 0.3, 0.26, 0.23, 0.21, 0.19, 0.17, 0.16, 0.14, 0.13, 0.12, 0.11, 0.1, 0.1, 0.09, 0.08, 0.08, 0.07, 0.07, 0.06, 0.06, 0.06, 0.05, 0.05, 0.05]","https://www.vestas.com/en/products/turbines; https://www.wind-turbine-models.com/turbines/1247-vestas-v112-3.45"
50,54,"Vestas","V112-3.3 MW","V112/3300",3300,112,9851,"84; 94; 119; 140","","","",335.0,3.0,True,True,"[0.0, 0.5, 1.0, 1.5, 2.0, 2.5, 3.0, 3.5, 4.0, 4.5, 5.0, 5.5, 6.0, 6.5, 7.0, 7.5, 8.0, 8.5, 9.0, 9.5, 10.0, 10.5, 11.0, 11.5, 12.0, 12.5, 13.0, 13.5, 14.0, 14.5, 15.0, 15.5, 16.0, 16.5, 17.0, 17.5, 18.0, 18.5, 19.0, 19.5, 20.0, 20.5, 21.0, 21.5, 22.0, 22.5, 23.0, 23.5, 24.0, 24.5, 25.0]","[0.0, 0.0, 0.0, 0.0, 0.0, 0.0, 22.0, 73.0, 134.0, 209.0, 302.0, 415.0, 552.0, 714.0, 906.0, 1123.0, 1370.0, 1648.0, 1950.0, 2268.0, 2586.0, 2868.0, 3071.0, 3201.0, 3266.0, 3291.0, 3298.0, 3299.0, 3300.0, 3300.0, 3300.0, 3300.0, 3300.0, 3300.0, 3300.0, 3300.0, 3300.0, 3300.0, 3300.0, 3300.0, 3300.0, 3300.0, 3300.0, 3300.0, 3300.0, 3300.0, 3300.0, 3300.0, 3300.0, 3300.0, 3300.0]",True,"[0.0, 0.5, 1.0, 1.5, 2.0, 2.5, 3.0, 3.5, 4.0, 4.5, 5.0, 5.5, 6.0, 6.5, 7.0, 7.5, 8.0, 8.5, 9.0, 9.5, 10.0, 10.5, 11.0, 11.5, 12.0, 12.5, 13.0, 13.5, 14.0, 14.5, 15.0, 15.5, 16.0, 16.5, 17.0, 17.5, 18.0, 18.5, 19.0, 19.5, 20.0, 20.5, 21.0, 21.5, 22.0, 22.5, 23.0, 23.5, 24.0, 24.5, 25.0]","[0.0, 0.0, 0.0, 0.0, 0.0, 0.0, 0.14, 0.28, 0.35, 0.38, 0.4, 0.41, 0.42, 0.43, 0.44, 0.44, 0.44, 0.45, 0.44, 0.44, 0.43, 0.41, 0.38, 0.35, 0.31, 0.28, 0.25, 0.22, 0.2, 0.18, 0.16, 0.15, 0.13, 0.12, 0.11, 0.1, 0.09, 0.09, 0.08, 0.07, 0.07, 0.06, 0.06, 0.06, 0.05, 0.05, 0.05, 0.04, 0.04, 0.04, 0.04]",True,"[0.0, 0.5, 1.0, 1.5, 2.0, 2.5, 3.0, 3.5, 4.0, 4.5, 5.0, 5.5, 6.0, 6.5, 7.0, 7.5, 8.0, 8.5, 9.0, 9.5, 10.0, 10.5, 11.0, 11.5, 12.0, 12.5, 13.0, 13.5, 14.0, 14.5, 15.0, 15.5, 16.0, 16.5, 17.0, 17.5, 18.0, 18.5, 19.0, 19.5, 20.0, 20.5, 21.0, 21.5, 22.0, 22.5, 23.0, 23.5, 24.0, 24.5, 25.0]","[0.0, 0.0, 0.0, 0.0, 0.0, 0.0, 0.9, 0.86, 0.83, 0.82, 0.81, 0.81, 0.81, 0.8, 0.8, 0.79, 0.78, 0.77, 0.76, 0.75, 0.71, 0.66, 0.59, 0.51, 0.45, 0.39, 0.34, 0.3, 0.26, 0.23, 0.21, 0.19, 0.17, 0.16, 0.14, 0.13, 0.12, 0.11, 0.1, 0.1, 0.09, 0.08, 0.08, 0.07, 0.07, 0.06, 0.06, 0.06, 0.05, 0.05, 0.05]",""
76,81,"Siemens","SWT-2.3-93","SWT93/2300",2300,93,6792,"80;","","","","","","",False,"","",False,"","",False,"","",""
51,55,"Vestas","V112-3.075 MW","V112/3075",3075,112,9851,"84; 94; 119",17.7,"IIa","",312.1,3.2,True,True,"[0.0, 0.5, 1.0, 1.5, 2.0, 2.5, 3.0, 3.5, 4.0, 4.5, 5.0, 5.5, 6.0, 6.5, 7.0, 7.5, 8.0, 8.5, 9.0, 9.5, 10.0, 10.5, 11.0, 11.5, 12.0, 12.5, 13.0, 13.5, 14.0, 14.5, 15.0, 15.5, 16.0, 16.5, 17.0, 17.5, 18.0, 18.5, 19.0, 19.5, 20.0, 20.5, 21.0, 21.5, 22.0, 22.5, 23.0, 23.5, 24.0, 24.5, 25.0]","[0.0, 0.0, 0.0, 0.0, 0.0, 0.0, 26.0, 73.0, 133.0, 207.0, 302.0, 416.0, 554.0, 717.0, 907.0, 1126.0, 1375.0, 1652.0, 1958.0, 2282.0, 2585.0, 2821.0, 2997.0, 3050.0, 3067.0, 3074.0, 3075.0, 3075.0, 3075.0, 3075.0, 3075.0, 3075.0, 3075.0, 3075.0, 3075.0, 3075.0, 3075.0, 3075.0, 3075.0, 3075.0, 3075.0, 3075.0, 3075.0, 3075.0, 3075.0, 3075.0, 3075.0, 3075.0, 3075.0, 3075.0, 3075.0]",True,"[0.0, 0.5, 1.0, 1.5, 2.0, 2.5, 3.0, 3.5, 4.0, 4.5, 5.0, 5.5, 6.0, 6.5, 7.0, 7.5, 8.0, 8.5, 9.0, 9.5, 10.0, 10.5, 11.0, 11.5, 12.0, 12.5, 13.0, 13.5, 14.0, 14.5, 15.0, 15.5, 16.0, 16.5, 17.0, 17.5, 18.0, 18.5, 19.0, 19.5, 20.0, 20.5, 21.0, 21.5, 22.0, 22.5, 23.0, 23.5, 24.0, 24.5, 25.0]","[0.0, 0.0, 0.0, 0.0, 0.0, 0.0, 0.16, 0.28, 0.34, 0.38, 0.4, 0.41, 0.43, 0.43, 0.44, 0.44, 0.45, 0.45, 0.45, 0.44, 0.43, 0.4, 0.37, 0.33, 0.29, 0.26, 0.23, 0.21, 0.19, 0.17, 0.15, 0.14, 0.12, 0.11, 0.1, 0.1, 0.09, 0.08, 0.07, 0.07, 0.06, 0.06, 0.06, 0.05, 0.05, 0.05, 0.04, 0.04, 0.04, 0.04, 0.03]",True,"[0.0, 0.5, 1.0, 1.5, 2.0, 2.5, 3.0, 3.5, 4.0, 4.5, 5.0, 5.5, 6.0, 6.5, 7.0, 7.5, 8.0, 8.5, 9.0, 9.5, 10.0, 10.5, 11.0, 11.5, 12.0, 12.5, 13.0, 13.5, 14.0, 14.5, 15.0, 15.5, 16.0, 16.5, 17.0, 17.5, 18.0, 18.5, 19.0, 19.5, 20.0, 20.5, 21.0, 21.5, 22.0, 22.5, 23.0, 23.5, 24.0, 24.5, 25.0]","[0.0, 0.0, 0.0, 0.0, 0.0, 0.0, 0.9, 0.85, 0.82, 0.81, 0.81, 0.81, 0.81, 0.8, 0.8, 0.79, 0.79, 0.78, 0.77, 0.75, 0.71, 0.64, 0.56, 0.48, 0.41, 0.35, 0.31, 0.27, 0.24, 0.22, 0.19, 0.18, 0.16, 0.15, 0.13, 0.12, 0.11, 0.1, 0.1, 0.09, 0.08, 0.08, 0.07, 0.07, 0.06, 0.06, 0.06, 0.05, 0.05, 0.05, 0.05]","https://www.wind-turbine-models.com/turbines/7-vestas-v112-onshore"
101,109,"Vensys","VENSYS120 3.0MW","VS120/3000",3000,120,11308,"90;140","","","","","","",False,"","",False,"","",False,"","","http://www.vensys.de/energy/produkte-und-service/vensys-3-mw.php"
102,110,"Vensys","VENSYS112 3.0MW","VS112/3000",3000,112,9851,"93.5; 140","","","","","","",False,"","",False,"","",False,"","","http://www.vensys.de/energy/produkte-und-service/vensys-3-mw.php"
52,56,"Vestas","V112-3.0 MW","V112/3000",3000,112,9851,"","","","","","","",True,"[3.0, 3.5, 4.0, 4.5, 5.0, 5.5, 6.0, 6.5, 7.0, 7.5, 8.0, 8.5, 9.0, 9.5, 10.0, 10.5, 11.0, 11.5, 12.0, 12.5, 13.0, 13.5, 14.0, 14.5, 15.0, 15.5, 16.0, 16.5, 17.0, 17.5, 18.0, 18.5, 19.0, 19.5, 20.0, 20.5, 21.0, 21.5, 22.0, 22.5, 23.0, 23.5, 24.0, 24.5, 25.0]","[23.0, 68.0, 130.0, 206.0, 301.0, 418.0, 557.0, 720.0, 912.0, 1130.0, 1377.0, 1654.0, 1954.0, 2272.0, 2572.0, 2808.0, 2988.0, 3046.0, 3065.0, 3073.0, 3075.0, 3075.0, 3075.0, 3075.0, 3075.0, 3075.0, 3075.0, 3075.0, 3075.0, 3075.0, 3075.0, 3075.0, 3075.0, 3075.0, 3075.0, 3075.0, 3075.0, 3075.0, 3075.0, 3075.0, 3075.0, 3075.0, 3075.0, 3075.0, 3075.0]",True,"[3.0, 3.5, 4.0, 4.5, 5.0, 5.5, 6.0, 6.5, 7.0, 7.5, 8.0, 8.5, 9.0, 9.5, 10.0, 10.5, 11.0, 11.5, 12.0, 12.5, 13.0, 13.5, 14.0, 14.5, 15.0, 15.5, 16.0, 16.5, 17.0, 17.5, 18.0, 18.5, 19.0, 19.5, 20.0, 20.5, 21.0, 21.5, 22.0, 22.5, 23.0, 23.5, 24.0, 24.5, 25.0]","[0.141, 0.263, 0.337, 0.375, 0.399, 0.416, 0.427, 0.434, 0.441, 0.444, 0.446, 0.446, 0.444, 0.439, 0.426, 0.402, 0.372, 0.332, 0.294, 0.261, 0.232, 0.207, 0.186, 0.167, 0.151, 0.137, 0.124, 0.113, 0.104, 0.095, 0.087, 0.08, 0.074, 0.069, 0.064, 0.059, 0.055, 0.051, 0.048, 0.045, 0.042, 0.039, 0.037, 0.035, 0.033]",True,"[3.0, 3.5, 4.0, 4.5, 5.0, 5.5, 6.0, 6.5, 7.0, 7.5, 8.0, 8.5, 9.0, 9.5, 10.0, 10.5, 11.0, 11.5, 12.0, 12.5, 13.0, 13.5, 14.0, 14.5, 15.0, 15.5, 16.0, 16.5, 17.0, 17.5, 18.0, 18.5, 19.0, 19.5, 20.0, 20.5, 21.0, 21.5, 22.0, 22.5, 23.0, 23.5, 24.0, 24.5, 25.0]","[0.913, 0.865, 0.833, 0.821, 0.817, 0.815, 0.812, 0.808, 0.804, 0.8, 0.798, 0.794, 0.781, 0.755, 0.711, 0.643, 0.567, 0.48, 0.409, 0.353, 0.308, 0.272, 0.241, 0.216, 0.194, 0.175, 0.159, 0.145, 0.133, 0.122, 0.112, 0.103, 0.096, 0.089, 0.083, 0.077, 0.072, 0.068, 0.064, 0.06, 0.056, 0.053, 0.05, 0.048, 0.045]","http://www.windenergie-im-binnenland.de/powercurve.php"
53,57,"Vestas","V90-3.0 MW","V90/3000",3000,90,6361,"80;","","IEC IIA/IEC S","","","","",True,"[1.0, 2.0, 3.0, 4.0, 5.0, 6.0, 7.0, 8.0, 9.0, 10.0, 11.0, 12.0, 13.0, 14.0, 15.0, 16.0, 17.0, 18.0, 19.0, 20.0, 21.0, 22.0, 23.0, 24.0, 25.0]","[0.0, 0.0, 0.0, 77.0, 190.0, 353.0, 581.0, 886.0, 1273.0, 1710.0, 2145.0, 2544.0, 2837.0, 2965.0, 2995.0, 3000.0, 3000.0, 3000.0, 3000.0, 3000.0, 3000.0, 3000.0, 3000.0, 3000.0, 3000.0]",False,"","",False,"","","https://www.wind-turbine-models.com/turbines/16-vestas-v90 https://www.researchgate.net/figure/Electric-Power-output-kW-table-of-Vesta-V90-3-MW-54_fig3_324816253"
55,59,"Vestas","V80-2.0 MW","V80/2000",2000,80,5026,"60;67;78;80;100","","","","","",True,True,"[0.0, 0.5, 1.0, 1.5, 2.0, 2.5, 3.0, 3.5, 4.0, 4.5, 5.0, 5.5, 6.0, 6.5, 7.0, 7.5, 8.0, 8.5, 9.0, 9.5, 10.0, 10.5, 11.0, 11.5, 12.0, 12.5, 13.0, 13.5, 14.0, 14.5, 15.0, 15.5, 16.0, 16.5, 17.0, 17.5, 18.0, 18.5, 19.0, 19.5, 20.0, 20.5, 21.0, 21.5, 22.0, 22.5, 23.0, 23.5, 24.0, 24.5, 25.0]","[0.0, 0.0, 0.0, 0.0, 0.0, 0.0, 0.0, 35.0, 70.0, 117.0, 165.0, 225.0, 285.0, 372.0, 459.0, 580.0, 701.0, 832.0, 964.0, 1127.0, 1289.0, 1428.0, 1567.0, 1678.0, 1788.0, 1865.0, 1941.0, 1966.0, 1990.0, 2000.0, 2000.0, 2000.0, 2000.0, 2000.0, 2000.0, 2000.0, 2000.0, 2000.0, 2000.0, 2000.0, 2000.0, 2000.0, 2000.0, 2000.0, 2000.0, 2000.0, 2000.0, 2000.0, 2000.0, 2000.0, 2000.0]",False,"","",False,"","","https://www.thewindpower.net/turbine_en_30_vestas_v80-2000.php"
56,61,"Siemens","SWT-7.0-154","SWT154/7000",7000,154,18624,"","","","","","","",False,"","",False,"","",False,"","",""
57,62,"Siemens","SWT-6.0-154","SWT154/6000",6000,154,18624,"",11.0,"IEC Ia","",322.6,3.1,"",False,"","",False,"","",False,"","","https://www.wind-turbine-models.com/turbines/657-siemens-swt-6.0-154"
58,63,"Siemens","SWT-6.0-120","SWT120/6000",6000,120,11308,"90;",13.0,"IEC Ia","",318.6,3.1,"",False,"","",False,"","",False,"","","https://www.wind-turbine-models.com/turbines/646-siemens-swt-3.6-120-onshore"
59,64,"Siemens","SWT-4.0-130","SWT130/4000",4000,130,13272,"90; 89.5","","","","","","",False,"","",False,"","",False,"","",""
77,82,"Siemens","SWT-2.3-82","SWT82/2300",2300,82,5280,"80;","","","","","","",False,"","",False,"","",False,"","",""
60,65,"Siemens","SWT-3.6-130","SWT130/3600",3600,130,13272,"85;115;135;165","","","","","","",True,"[3.0, 4.0, 5.0, 6.0, 7.0, 8.0, 9.0, 10.0, 11.0, 12.0, 13.0, 14.0, 15.0, 16.0, 17.0, 18.0, 19.0, 20.0, 21.0, 22.0, 23.0, 24.0, 25.0]","[43.0, 184.0, 421.0, 778.0, 1269.0, 1901.0, 2630.0, 3261.0, 3534.0, 3593.0, 3600.0, 3600.0, 3600.0, 3600.0, 3600.0, 3600.0, 3600.0, 3600.0, 3600.0, 3600.0, 3600.0, 3600.0, 3600.0]",True,"[3.0, 4.0, 5.0, 6.0, 7.0, 8.0, 9.0, 10.0, 11.0, 12.0, 13.0, 14.0, 15.0, 16.0, 17.0, 18.0, 19.0, 20.0, 21.0, 22.0, 23.0, 24.0, 25.0]","[0.196, 0.354, 0.414, 0.443, 0.455, 0.457, 0.444, 0.401, 0.327, 0.256, 0.202, 0.161, 0.131, 0.108, 0.09, 0.076, 0.065, 0.055, 0.048, 0.042, 0.036, 0.032, 0.028]",True,"[3.0, 4.0, 5.0, 6.0, 7.0, 8.0, 9.0, 10.0, 11.0, 12.0, 13.0, 14.0, 15.0, 16.0, 17.0, 18.0, 19.0, 20.0, 21.0, 22.0, 23.0, 24.0, 25.0]","[0.775, 0.787, 0.819, 0.821, 0.825, 0.832, 0.809, 0.766, 0.628, 0.434, 0.327, 0.255, 0.204, 0.167, 0.138, 0.117, 0.099, 0.085, 0.074, 0.065, 0.057, 0.051, 0.046]","http://www.windenergie-im-binnenland.de/powercurve.php"
61,66,"Siemens","SWT-3.6-120","SWT120/3600",3600,120,11308,"90;","","","","","","",True,"[3.0, 4.0, 5.0, 6.0, 7.0, 8.0, 9.0, 10.0, 11.0, 12.0, 13.0, 14.0, 15.0, 16.0, 17.0, 18.0, 19.0, 20.0, 21.0, 22.0, 23.0, 24.0, 25.0]","[0.0, 174.0, 379.0, 686.0, 1108.0, 1667.0, 2378.0, 3094.0, 3487.0, 3588.0, 3599.0, 3600.0, 3600.0, 3600.0, 3600.0, 3600.0, 3600.0, 3600.0, 3600.0, 3600.0, 3600.0, 3600.0, 3600.0]",True,"[3.0, 4.0, 5.0, 6.0, 7.0, 8.0, 9.0, 10.0, 11.0, 12.0, 13.0, 14.0, 15.0, 16.0, 17.0, 18.0, 19.0, 20.0, 21.0, 22.0, 23.0, 24.0, 25.0]","[0.0, 0.392, 0.438, 0.458, 0.466, 0.47, 0.471, 0.447, 0.378, 0.3, 0.236, 0.189, 0.154, 0.127, 0.106, 0.089, 0.076, 0.065, 0.056, 0.049, 0.043, 0.038, 0.033]",True,"[3.0, 4.0, 5.0, 6.0, 7.0, 8.0, 9.0, 10.0, 11.0, 12.0, 13.0, 14.0, 15.0, 16.0, 17.0, 18.0, 19.0, 20.0, 21.0, 22.0, 23.0, 24.0, 25.0]","[0.0, 0.881, 0.875, 0.881, 0.881, 0.874, 0.88, 0.829, 0.595, 0.417, 0.316, 0.248, 0.2, 0.165, 0.138, 0.117, 0.1, 0.087, 0.076, 0.067, 0.06, 0.054, 0.048]","http://www.windenergie-im-binnenland.de/powercurve.php"
62,67,"Siemens","SWT-3.6-107","SWT107/3600",3600,107,8991,"80;","","","","","","",False,"","",False,"","",False,"","",""
103,111,"Vensys","VENSYS112 2.5MW","VS112/2500",2500,112,9851,"93.5;143.5","","","","","","",True,"[0.0, 1.0, 2.0, 3.0, 4.0, 5.0, 6.0, 7.0, 8.0, 9.0, 10.0, 11.0, 12.0, 13.0, 14.0, 15.0, 16.0, 17.0, 18.0, 19.0, 20.0, 21.0, 22.0, 23.0, 24.0, 25.0, 26.0, 27.0, 28.0, 29.0, 30.0]","[0.0, 0.0, 0.0, 0.0, 154.2, 315.9, 548.5, 871.1, 1290.1, 1808.8, 2269.5, 2465.1, 2500.0, 2500.0, 2500.0, 2500.0, 2500.0, 2500.0, 2500.0, 2500.0, 2500.0, 2500.0, 2500.0, 2500.0, 2500.0, 2500.0, 0.0, 0.0, 0.0, 0.0, 0.0]",False,"","",False,"","",""
64,69,"Siemens","SWT-3.2-113","SWT113/3200",3200,113,10027,"79.5;92.5;99.5;122;142","","","","","","",True,"[3.0, 4.0, 5.0, 6.0, 7.0, 8.0, 9.0, 10.0, 11.0, 12.0, 13.0, 14.0, 15.0, 16.0, 17.0, 18.0, 19.0, 20.0, 21.0, 22.0, 23.0, 24.0, 25.0]","[64.0, 169.0, 350.0, 623.0, 1004.0, 1506.0, 2115.0, 2712.0, 3083.0, 3187.0, 3199.0, 3200.0, 3200.0, 3200.0, 3200.0, 3200.0, 3200.0, 3200.0, 3200.0, 3200.0, 3200.0, 3200.0, 3200.0]",True,"[3.0, 4.0, 5.0, 6.0, 7.0, 8.0, 9.0, 10.0, 11.0, 12.0, 13.0, 14.0, 15.0, 16.0, 17.0, 18.0, 19.0, 20.0, 21.0, 22.0, 23.0, 24.0, 25.0]","[0.386, 0.43, 0.456, 0.47, 0.477, 0.479, 0.472, 0.442, 0.377, 0.3, 0.237, 0.19, 0.154, 0.127, 0.106, 0.089, 0.076, 0.065, 0.056, 0.049, 0.043, 0.038, 0.033]",True,"[3.0, 4.0, 5.0, 6.0, 7.0, 8.0, 9.0, 10.0, 11.0, 12.0, 13.0, 14.0, 15.0, 16.0, 17.0, 18.0, 19.0, 20.0, 21.0, 22.0, 23.0, 24.0, 25.0]","[0.878, 0.88, 0.881, 0.881, 0.882, 0.882, 0.843, 0.764, 0.544, 0.39, 0.297, 0.235, 0.19, 0.156, 0.131, 0.111, 0.096, 0.083, 0.073, 0.064, 0.057, 0.051, 0.046]","http://www.windenergie-im-binnenland.de/powercurve.php"
65,70,"Siemens","SWT-3.2-108","SWT108/3200",3200,108,9160,"79.5","","","","","","",False,"","",False,"","",False,"","",""
66,71,"Siemens","SWT-3.2-101","SWT101/3200",3200,101,8011,"74.5;79.5;89.5;94;99.5","","","","","","",False,"","",False,"","",False,"","",""
67,72,"Siemens","SWT-3.15-142","SWT142/3150",3150,142,15835,"109;129;165","","","","","","",True,"[3.0, 4.0, 5.0, 6.0, 7.0, 8.0, 9.0, 10.0, 11.0, 12.0, 13.0, 14.0, 15.0, 16.0, 17.0, 18.0, 19.0, 20.0, 21.0, 22.0, 23.0]","[55.0, 239.0, 549.0, 968.0, 1522.0, 2202.0, 2816.0, 3090.0, 3145.0, 3150.0, 3150.0, 3150.0, 3150.0, 3150.0, 3150.0, 3150.0, 3150.0, 3150.0, 3150.0, 3150.0, 3150.0]",True,"[3.0, 4.0, 5.0, 6.0, 7.0, 8.0, 9.0, 10.0, 11.0, 12.0, 13.0, 14.0, 15.0, 16.0, 17.0, 18.0, 19.0, 20.0, 21.0, 22.0, 23.0]","[0.21, 0.385, 0.453, 0.462, 0.457, 0.443, 0.398, 0.319, 0.244, 0.188, 0.148, 0.118, 0.096, 0.079, 0.066, 0.056, 0.047, 0.041, 0.035, 0.03, 0.027]",True,"[3.0, 4.0, 5.0, 6.0, 7.0, 8.0, 9.0, 10.0, 11.0, 12.0, 13.0, 14.0, 15.0, 16.0, 17.0, 18.0, 19.0, 20.0, 21.0, 22.0, 23.0]","[0.863, 0.863, 0.863, 0.863, 0.856, 0.79, 0.696, 0.547, 0.371, 0.274, 0.212, 0.168, 0.137, 0.113, 0.095, 0.081, 0.07, 0.061, 0.053, 0.047, 0.042]","http://www.windenergie-im-binnenland.de/powercurve.php"
68,73,"Siemens","SWT-3.0-113","SWT113/3000",3000,113,10027,"79.5; 92.5; 99.5; 122; 142",15.5,"","",300.0,3.3,"",False,"","",False,"","",False,"","",""
69,74,"Siemens","SWT-3.0-108","SWT108/3000",3000,108,9160,"79.5","","","","","","",False,"","",False,"","",False,"","",""
70,75,"Siemens","SWT-3.0-101","SWT101/3000",3000,101,8011,"80;115;142.5","","","","","","",False,"","",False,"","",False,"","",""
71,76,"Siemens","SWT-2.5-120","SWT120/2500",2500,120,11308,"85.1;92","","","","","","",False,"","",False,"","",False,"","",""
72,77,"Siemens","SWT-2.3-120","SWT120/2300",2300,120,11308,"80;92.4","","","","","","",False,"","",False,"","",False,"","",""
73,78,"Siemens","SWT-2.3-113","SWT113/2300",2300,113,10027,"99.5","","","","","","",True,"[3.0, 4.0, 5.0, 6.0, 7.0, 8.0, 9.0, 10.0, 11.0, 12.0, 13.0, 14.0, 15.0, 16.0, 17.0, 18.0, 19.0, 20.0, 21.0, 22.0, 23.0, 24.0, 25.0]","[66.0, 171.0, 352.0, 623.0, 1002.0, 1497.0, 2005.0, 2246.0, 2296.0, 2300.0, 2300.0, 2300.0, 2300.0, 2300.0, 2300.0, 2300.0, 2300.0, 2300.0, 2300.0, 2300.0, 2300.0, 2300.0, 2300.0]",True,"[3.0, 4.0, 5.0, 6.0, 7.0, 8.0, 9.0, 10.0, 11.0, 12.0, 13.0, 14.0, 15.0, 16.0, 17.0, 18.0, 19.0, 20.0, 21.0, 22.0, 23.0, 24.0, 25.0]","[0.398, 0.435, 0.458, 0.47, 0.476, 0.476, 0.448, 0.366, 0.281, 0.217, 0.17, 0.136, 0.111, 0.091, 0.076, 0.064, 0.055, 0.047, 0.04, 0.035, 0.031, 0.027, 0.024]",True,"[3.0, 4.0, 5.0, 6.0, 7.0, 8.0, 9.0, 10.0, 11.0, 12.0, 13.0, 14.0, 15.0, 16.0, 17.0, 18.0, 19.0, 20.0, 21.0, 22.0, 23.0, 24.0, 25.0]","[0.878, 0.885, 0.881, 0.881, 0.882, 0.85, 0.761, 0.553, 0.383, 0.286, 0.222, 0.177, 0.144, 0.12, 0.101, 0.086, 0.074, 0.065, 0.057, 0.05, 0.045, 0.04, 0.036]","http://www.windenergie-im-binnenland.de/powercurve.php"
74,79,"Siemens","SWT-2.3-108","SWT108/2300",2300,108,9160,"80;","","","","","","",False,"","",False,"","",False,"","",""
75,80,"Siemens","SWT-2.3-101","SWT101/2300",2300,101,8011,"80;","","","","","","",False,"","",False,"","",False,"","",""
78,83,"Siemens","SWT-1.3-62","SWT62/1300",1300,62,3019,"68-90","","","","","","",False,"","",False,"","",False,"","",""
79,85,"Adwen/Areva","AD 8-180","AD180/8000",8000,180,25444,"",7.5,"IEC Ib","",314.4,3.2,"",False,"","",False,"","",False,"","","https://www.wind-turbine-models.com/turbines/1124-adwen-ad-8-180;"
80,86,"Adwen/Areva","AD 5-135","AD135/5050",5050,135,14312,"",13.5,"IEC I (GL-TK 1 & GL-TK S)","",352.5,2.8,"",False,"","",False,"","",False,"","","https://www.wind-turbine-models.com/turbines/1122-adwen-ad-5-135"
81,87,"Adwen/Areva","AD 5-132","AD132/5000",5000,132,13683,"80; 94",11.8,"IEC IIA/IEC S","",365.4,2.7,"",False,"","",False,"","",False,"","","https://www.wind-turbine-models.com/turbines/1123-adwen-ad-5-132"
83,89,"Adwen/Areva","M5000-135","AD135/5000",5000,135,14312,"",13.5,"IEC I (GL-TK 1 & GL-TK S)","",349.0,2.9,"",False,"","",False,"","",False,"","","https://www.wind-turbine-models.com/turbines/686-areva-m5000-135"
84,91,"Senvion/REpower","6.3M152","S152/6330",6330,152,18144,"121; 125",10.1,"","",348.8,2.9,True,True,"[0.0, 1.0, 2.0, 3.0, 4.0, 5.0, 6.0, 7.0, 8.0, 9.0, 10.0, 11.0, 12.0, 13.0, 14.0, 15.0, 16.0, 17.0, 18.0, 19.0, 20.0, 21.0, 22.0, 23.0, 24.0, 25.0, 26.0, 27.0, 28.0, 29.0, 30.0, 31.0, 32.0]","[0.0, 0.0, 0.0, 82.0, 411.0, 873.0, 1550.0, 2524.0, 3695.0, 5082.0, 5974.0, 6150.0, 6150.0, 6150.0, 6150.0, 6150.0, 6150.0, 6150.0, 6150.0, 6150.0, 6150.0, 6150.0, 6150.0, 6150.0, 6150.0, 6150.0, 6150.0, 6150.0, 6150.0, 6150.0, 6150.0, 6150.0, 6150.0]",False,"","",False,"","","https://www.senvion.com/global/en/products-services/wind-turbines/6xm/63m152/; https://www.wind-turbine-models.com/turbines/1714-senvion-6.3m152-onshore; https://www.wind-turbine-models.com/turbines/1713-senvion-6.3m152-offshore"
85,92,"Senvion/REpower","6.2M152","S152/6150",6150,152,18144,"85; 95; 121; 124",10.1,"","",338.9,3.0,True,False,"","",False,"","",False,"","","https://www.senvion.com/global/en/products-services/wind-turbines/6xm/62m152/; https://www.wind-turbine-models.com/turbines/1713-senvion-6.3m152-offshore; https://www.wind-turbine-models.com/turbines/885-senvion-6.2m126-offshore"
104,112,"Vensys","VENSYS109 2.5MW","VS109/2500",2500,109,9330,"95;145","","Iia","3","","","",False,"","",False,"","",False,"","",""
86,93,"Senvion/REpower","6.2M126","S126/6150",6150,126,12467,"95; 110; 112; 114; 117",12.1,"IEC Ib/ IEC S","4",493.2,2.0,True,True,"[0.0, 0.5, 1.0, 1.5, 2.0, 2.5, 3.0, 3.5, 4.0, 4.5, 5.0, 5.5, 6.0, 6.5, 7.0, 7.5, 8.0, 8.5, 9.0, 9.5, 10.0, 10.5, 11.0, 11.5, 12.0, 12.5, 13.0, 13.5, 14.0, 14.5, 15.0, 15.5, 16.0, 16.5, 17.0, 17.5, 18.0, 18.5, 19.0, 19.5, 20.0, 20.5, 21.0, 21.5, 22.0, 22.5, 23.0, 23.5, 24.0, 24.5, 25.0, 25.5, 26.0, 26.5, 27.0, 27.5, 28.0, 28.5, 29.0, 29.5, 30.0]","[0.0, 0.0, 0.0, 0.0, 0.0, 0.0, 0.0, 12.0, 75.0, 166.9, 288.3, 448.3, 638.1, 874.2, 1121.4, 1396.1, 1731.3, 2099.5, 2481.2, 2968.5, 3431.0, 3929.0, 4423.8, 4956.4, 5469.0, 5850.4, 6106.2, 6167.5, 6168.82, 6168.82, 6168.82, 6168.82, 6168.82, 6168.82, 6168.82, 6168.82, 6168.82, 6168.82, 6168.82, 6168.82, 6168.82, 6168.82, 6168.82, 6168.82, 6168.82, 6168.82, 6168.82, 6168.82, 6168.82, 6168.82, 6168.82, 6168.82, 6168.82, 6168.82, 6168.82, 6168.82, 6168.82, 6168.82, 6168.82, 6168.82, 6168.82]",False,"","",False,"","","https://www.senvion.com/global/en/products-services/wind-turbines/6xm/62m126/; https://www.wind-turbine-models.com/turbines/887-senvion-6.2m152-offshore; https://www.wind-turbine-models.com/turbines/884-senvion-6.2m126-onshore"
87,94,"Senvion/REpower","3.6M114 NES","S114/3600",3600,114,10206,"90; 116; 119",12.1,"","",352.7,2.8,True,False,"","",False,"","",False,"","","https://www.senvion.com/global/en/products-services/wind-turbines/3xm/36m114-nes/; https://www.wind-turbine-models.com/turbines/1715-senvion-3.6m114"
88,95,"Senvion/REpower","3.4M140 EBC","S140/3600",3600,140,15392,"110; 130; 160",9.6,"","",233.9,4.3,True,False,"","",False,"","",False,"","","https://www.senvion.com/global/en/products-services/wind-turbines/3xm/36m140-ebc/; https://www.wind-turbine-models.com/turbines/1555-senvion-3.6m140"
89,96,"Senvion/REpower","3.4M114","S114/3400",3400,114,10206,"93; 119; 123; 143",12.1,"","",331.1,3.0,True,True,"[0.0, 1.0, 2.0, 3.0, 4.0, 5.0, 6.0, 7.0, 8.0, 9.0, 10.0, 11.0, 12.0, 13.0, 14.0, 15.0, 16.0, 17.0, 18.0, 19.0, 20.0, 21.0, 22.0]","[0.0, 0.0, 0.0, 23.0, 140.0, 327.0, 601.0, 988.0, 1502.0, 2105.0, 2721.0, 3208.0, 3400.0, 3400.0, 3400.0, 3400.0, 3400.0, 3400.0, 3400.0, 3400.0, 3400.0, 3400.0, 3400.0]",True,"[0.0, 1.0, 2.0, 3.0, 4.0, 5.0, 6.0, 7.0, 8.0, 9.0, 10.0, 11.0, 12.0, 13.0, 14.0, 15.0, 16.0, 17.0, 18.0, 19.0, 20.0, 21.0, 22.0]","[0.0, 0.0, 0.0, 0.14, 0.35, 0.42, 0.45, 0.46, 0.47, 0.46, 0.44, 0.39, 0.32, 0.25, 0.2, 0.16, 0.13, 0.11, 0.09, 0.08, 0.07, 0.06, 0.05]",True,"[0.0, 1.0, 2.0, 3.0, 4.0, 5.0, 6.0, 7.0, 8.0, 9.0, 10.0, 11.0, 12.0, 13.0, 14.0, 15.0, 16.0, 17.0, 18.0, 19.0, 20.0, 21.0, 22.0]","[0.0, 0.0, 0.0, 0.88, 0.85, 0.81, 0.81, 0.81, 0.79, 0.74, 0.65, 0.54, 0.42, 0.32, 0.25, 0.2, 0.16, 0.14, 0.12, 0.1, 0.09, 0.08, 0.07]","https://www.wind-turbine-models.com/turbines/1003-senvion-3.4m114"
90,97,"Senvion/REpower","3.4M104","S104/3400",3400,104,8494,"73;80;93;100","","","","","",True,True,"[0.0, 0.5, 1.0, 1.5, 2.0, 2.5, 3.0, 3.5, 4.0, 4.5, 5.0, 5.5, 6.0, 6.5, 7.0, 7.5, 8.0, 8.5, 9.0, 9.5, 10.0, 10.5, 11.0, 11.5, 12.0, 12.5, 13.0, 13.5, 14.0, 14.5, 15.0, 15.5, 16.0, 16.5, 17.0, 17.5, 18.0, 18.5, 19.0, 19.5, 20.0, 20.5, 21.0, 21.5, 22.0, 22.5, 23.0, 23.5, 24.0, 24.5, 25.0]","[0.0, 0.0, 0.0, 0.0, 0.0, 0.0, 0.0, 19.0, 94.5, 161.4, 251.4, 353.1, 477.8, 618.4, 788.8, 975.0, 1212.9, 1467.3, 1730.9, 2010.5, 2290.8, 2578.0, 2850.3, 3106.4, 3287.3, 3376.8, 3373.3, 3397.7, 3400.0, 3400.0, 3400.0, 3400.0, 3400.0, 3400.0, 3400.0, 3400.0, 3400.0, 3400.0, 3400.0, 3400.0, 3400.0, 3400.0, 3400.0, 3400.0, 3400.0, 3400.0, 3400.0, 3400.0, 3400.0, 3400.0, 3400.0]",False,"","",False,"","","https://www.senvion.com/global/en/products-services/wind-turbines/3xm/34m104/;"
91,98,"Senvion/REpower","3.4M122 NES","S122/3400",3400,122,11688,"139;","","","","","",True,False,"","",False,"","",False,"","","https://www.senvion.com/global/en/products-services/wind-turbines/3xm/34m122-nes/;"
92,99,"Senvion/REpower","3.4M140 EBC","S140/3400",3400,140,15392,"93;119;123;143","","","","","",True,False,"","",False,"","",False,"","","https://www.senvion.com/global/en/products-services/wind-turbines/3xm/34m140-ebc/;"
94,101,"Senvion/REpower","3.2M122","S122/3200",3200,122,11688,"139;","","","","","","",True,"[3.0, 4.0, 5.0, 6.0, 7.0, 8.0, 9.0, 10.0, 11.0, 12.0, 13.0, 14.0, 15.0, 16.0, 17.0, 18.0, 19.0, 20.0, 21.0, 22.0]","[55.0, 184.0, 391.0, 695.0, 1121.0, 1627.0, 2219.0, 2810.0, 3106.0, 3200.0, 3200.0, 3200.0, 3200.0, 3200.0, 3200.0, 3200.0, 3200.0, 3200.0, 3200.0, 3200.0]",True,"[3.0, 4.0, 5.0, 6.0, 7.0, 8.0, 9.0, 10.0, 11.0, 12.0, 13.0, 14.0, 15.0, 16.0, 17.0, 18.0, 19.0, 20.0, 21.0, 22.0]","[0.285, 0.402, 0.437, 0.449, 0.456, 0.444, 0.425, 0.392, 0.326, 0.259, 0.203, 0.163, 0.132, 0.109, 0.091, 0.077, 0.065, 0.056, 0.048, 0.042]",True,"[3.0, 4.0, 5.0, 6.0, 7.0, 8.0, 9.0, 10.0, 11.0, 12.0, 13.0, 14.0, 15.0, 16.0, 17.0, 18.0, 19.0, 20.0, 21.0, 22.0]","[0.87, 0.81, 0.8, 0.8, 0.79, 0.75, 0.69, 0.61, 0.47, 0.36, 0.27, 0.21, 0.17, 0.14, 0.12, 0.1, 0.09, 0.08, 0.07, 0.06]","http://www.windenergie-im-binnenland.de/powercurve.php"
95,102,"Senvion/REpower","3.0M122","S122/3000",3000,122,11688,"136;139","","","","","","",True,"[3.0, 4.0, 5.0, 6.0, 7.0, 8.0, 9.0, 10.0, 11.0, 12.0, 13.0, 14.0, 15.0, 16.0, 17.0, 18.0, 19.0, 20.0, 21.0, 22.0]","[36.0, 164.0, 371.0, 683.0, 1130.0, 1662.0, 2247.0, 2769.0, 2970.0, 3000.0, 3000.0, 3000.0, 3000.0, 3000.0, 3000.0, 3000.0, 3000.0, 3000.0, 3000.0, 3000.0]",True,"[3.0, 4.0, 5.0, 6.0, 7.0, 8.0, 9.0, 10.0, 11.0, 12.0, 13.0, 14.0, 15.0, 16.0, 17.0, 18.0, 19.0, 20.0, 21.0, 22.0]","[0.186, 0.358, 0.415, 0.442, 0.46, 0.453, 0.43, 0.387, 0.312, 0.242, 0.191, 0.153, 0.124, 0.102, 0.085, 0.072, 0.061, 0.052, 0.045, 0.039]",True,"[3.0, 4.0, 5.0, 6.0, 7.0, 8.0, 9.0, 10.0, 11.0, 12.0, 13.0, 14.0, 15.0, 16.0, 17.0, 18.0, 19.0, 20.0, 21.0, 22.0]","[0.85, 0.81, 0.79, 0.79, 0.79, 0.75, 0.69, 0.58, 0.44, 0.32, 0.25, 0.2, 0.16, 0.13, 0.11, 0.09, 0.08, 0.07, 0.06, 0.05]","http://www.windenergie-im-binnenland.de/powercurve.php"
96,103,"Senvion/REpower","MM100","MM100/2000",2000,100,7853,"",13.9,"IEC IIb","3",254.6,3.9,True,True,"[0.0, 1.0, 2.0, 3.0, 4.0, 5.0, 6.0, 7.0, 8.0, 9.0, 10.0, 11.0, 12.0, 13.0, 14.0, 15.0, 16.0, 17.0, 18.0, 19.0, 20.0, 21.0, 22.0]","[0.0, 0.0, 0.0, 20.0, 102.0, 239.0, 452.0, 746.0, 1126.0, 1559.0, 1901.0, 2000.0, 2000.0, 2000.0, 2000.0, 2000.0, 2000.0, 2000.0, 2000.0, 2000.0, 2000.0, 2000.0, 2000.0]",True,"[0.0, 1.0, 2.0, 3.0, 4.0, 5.0, 6.0, 7.0, 8.0, 9.0, 10.0, 11.0, 12.0, 13.0, 14.0, 15.0, 16.0, 17.0, 18.0, 19.0, 20.0, 21.0, 22.0]","[0.0, 0.0, 0.0, 0.15, 0.33, 0.4, 0.44, 0.45, 0.46, 0.45, 0.4, 0.31, 0.24, 0.19, 0.15, 0.12, 0.1, 0.09, 0.07, 0.06, 0.05, 0.05, 0.04]",True,"[0.0, 1.0, 2.0, 3.0, 4.0, 5.0, 6.0, 7.0, 8.0, 9.0, 10.0, 11.0, 12.0, 13.0, 14.0, 15.0, 16.0, 17.0, 18.0, 19.0, 20.0, 21.0, 22.0]","[0.0, 0.0, 0.0, 1.01, 0.85, 0.8, 0.8, 0.8, 0.78, 0.71, 0.59, 0.45, 0.34, 0.25, 0.2, 0.16, 0.13, 0.11, 0.09, 0.08, 0.07, 0.06, 0.05]","http://www.windenergie-im-binnenland.de/powercurve.php"
105,113,"Vensys","VENSYS100 2.5MW","VS100/2500",2500,100,7853,"100;","","","","","","",False,"","",False,"","",False,"","",""
106,114,"Vensys","VENSYS87 1.5MW","VS87/1500",1500,87,5944,"85;100","","","","","","",False,"","",False,"","",False,"","",""
107,115,"Vensys","VENSYS82 1.5MW","VS82/1500",1500,82,5280,"85;","","","","","","",False,"","",False,"","",False,"","",""
115,124,"GE Wind","GE 2.85-103","GE103/2850",3850,103,8331,"75;85;98.3","","","","","","",False,"","",False,"","",False,"","","https://www.wind-turbine-models.com/turbines/750-general-electric-ge-2.85-103"
124,135,"Eno","ENO 126 3.5","ENO126/3500",3500,126,12467,"117; 137; 165","","","","","",True,True,"[3.0, 4.0, 5.0, 6.0, 7.0, 8.0, 9.0, 10.0, 11.0, 12.0, 13.0, 14.0, 15.0, 16.0, 17.0, 18.0, 19.0, 20.0, 21.0, 22.0, 23.0, 24.0, 25.0]","[32.0, 205.0, 424.0, 729.0, 1168.0, 1760.0, 2334.0, 2981.0, 3362.0, 3500.0, 3500.0, 3500.0, 3500.0, 3500.0, 3500.0, 3500.0, 3500.0, 3500.0, 3500.0, 3500.0, 3500.0, 3500.0, 3500.0]",True,"[3.0, 4.0, 5.0, 6.0, 7.0, 8.0, 9.0, 10.0, 11.0, 12.0, 13.0, 14.0, 15.0, 16.0, 17.0, 18.0, 19.0, 20.0, 21.0, 22.0, 23.0, 24.0, 25.0]","[0.155, 0.419, 0.444, 0.442, 0.446, 0.45, 0.419, 0.39, 0.331, 0.265, 0.209, 0.167, 0.136, 0.112, 0.093, 0.079, 0.067, 0.057, 0.049, 0.043, 0.038, 0.033, 0.029]",True,"[3.0, 4.0, 5.0, 6.0, 7.0, 8.0, 9.0, 10.0, 11.0, 12.0, 13.0, 14.0, 15.0, 16.0, 17.0, 18.0, 19.0, 20.0, 21.0, 22.0, 23.0, 24.0, 25.0]","[0.759, 0.759, 0.759, 0.759, 0.759, 0.759, 0.704, 0.611, 0.471, 0.344, 0.264, 0.21, 0.17, 0.14, 0.117, 0.099, 0.085, 0.073, 0.064, 0.056, 0.05, 0.044, 0.04]","https://www.wind-turbine-models.com/turbines/653-eno-energy-eno-126-3.5"
127,138,"Eno","ENO 114 3.5","ENO114/3500",3500,114,10206,"92; 127,5; 142","","","","","",True,True,"[3.0, 4.2, 5.2, 6.2, 7.0, 8.1, 8.8, 10.2, 11.1, 12.0, 13.0, 14.0, 15.0, 16.0, 17.0, 18.0, 19.0, 20.0, 21.0, 22.0, 23.0, 24.0, 25.0]","[23.6, 180.8, 380.3, 648.5, 917.5, 1440.5, 1818.5, 2722.1, 3287.2, 3457.7, 3500.0, 3500.0, 3500.0, 3500.0, 3500.0, 3500.0, 3500.0, 3500.0, 3500.0, 3500.0, 3500.0, 3500.0, 3500.0]",True,"[3.0, 4.2, 5.2, 6.2, 7.0, 8.1, 8.8, 10.2, 11.1, 12.0, 13.0, 14.0, 15.0, 16.0, 17.0, 18.0, 19.0, 20.0, 21.0, 22.0, 23.0, 24.0, 25.0]","[0.138, 0.384, 0.426, 0.428, 0.421, 0.427, 0.42, 0.404, 0.378, 0.315, 0.251, 0.201, 0.163, 0.135, 0.112, 0.094, 0.08, 0.069, 0.06, 0.052, 0.045, 0.04, 0.035]",True,"[3.0, 4.2, 5.2, 6.2, 7.0, 8.1, 8.8, 10.2, 11.1, 12.0, 13.0, 14.0, 15.0, 16.0, 17.0, 18.0, 19.0, 20.0, 21.0, 22.0, 23.0, 24.0, 25.0]","[0.752, 0.752, 0.752, 0.752, 0.752, 0.752, 0.74, 0.667, 0.58, 0.52, 0.32, 0.245, 0.191, 0.161, 0.136, 0.117, 0.1, 0.0, 0.08, 0.0, 0.064, 0.0, 0.052]","https://www.wind-turbine-models.com/turbines/283-eno-energy-eno-114-3.5"
116,125,"GE Wind","GE 2.75-120","GE120/2750",2750,120,11308,"85; 98.3; 110; 139","","","","","",True,True,"[0.0, 0.5, 1.0, 1.5, 2.0, 2.5, 3.0, 3.5, 4.0, 4.5, 5.0, 5.5, 6.0, 6.5, 7.0, 7.5, 8.0, 8.5, 9.0, 9.5, 10.0, 10.5, 11.0, 11.5, 12.0, 12.5, 13.0, 13.5, 14.0, 14.5, 15.0, 15.5, 16.0, 16.5, 17.0, 17.5, 18.0, 18.5, 19.0, 19.5, 20.0, 20.5, 21.0, 21.5, 22.0, 22.5, 23.0, 23.5, 24.0, 24.5, 25.0]","[0.0, 0.0, 0.0, 0.0, 0.0, 0.0, 25.0, 89.0, 171.0, 269.0, 389.0, 533.0, 704.0, 906.0, 1136.0, 1400.0, 1674.0, 1945.0, 2173.0, 2373.0, 2518.0, 2619.0, 2696.0, 2739.0, 2766.0, 2780.0, 2780.0, 2780.0, 2780.0, 2780.0, 2780.0, 2780.0, 2780.0, 2780.0, 2780.0, 2780.0, 2780.0, 2780.0, 2780.0, 2780.0, 2780.0, 2780.0, 2780.0, 2780.0, 2780.0, 2780.0, 2780.0, 2780.0, 2780.0, 2780.0, 2780.0]",True,"[0.0, 0.5, 1.0, 1.5, 2.0, 2.5, 3.0, 3.5, 4.0, 4.5, 5.0, 5.5, 6.0, 6.5, 7.0, 7.5, 8.0, 8.5, 9.0, 9.5, 10.0, 10.5, 11.0, 11.5, 12.0, 12.5, 13.0, 13.5, 14.0, 14.5, 15.0, 15.5, 16.0, 16.5, 17.0, 17.5, 18.0, 18.5, 19.0, 19.5, 20.0, 20.5, 21.0, 21.5, 22.0, 22.5, 23.0, 23.5, 24.0, 24.5, 25.0]","[0.0, 0.0, 0.0, 0.0, 0.0, 0.0, 0.13, 0.3, 0.39, 0.43, 0.45, 0.46, 0.47, 0.48, 0.48, 0.48, 0.47, 0.46, 0.43, 0.4, 0.36, 0.33, 0.29, 0.26, 0.23, 0.23, 0.23, 0.23, 0.23, 0.23, 0.23, 0.23, 0.23, 0.23, 0.23, 0.23, 0.23, 0.23, 0.23, 0.23, 0.23, 0.23, 0.23, 0.23, 0.23, 0.23, 0.23, 0.23, 0.23, 0.23, 0.23]",True,"[0.0, 0.5, 1.0, 1.5, 2.0, 2.5, 3.0, 3.5, 4.0, 4.5, 5.0, 5.5, 6.0, 6.5, 7.0, 7.5, 8.0, 8.5, 9.0, 9.5, 10.0, 10.5, 11.0, 11.5, 12.0, 12.5, 13.0, 13.5, 14.0, 14.5, 15.0, 15.5, 16.0, 16.5, 17.0, 17.5, 18.0, 18.5, 19.0, 19.5, 20.0, 20.5, 21.0, 21.5, 22.0, 22.5, 23.0, 23.5, 24.0, 24.5, 25.0]","[0.0, 0.0, 0.0, 0.0, 0.0, 0.0, 1.01, 0.92, 0.85, 0.82, 0.82, 0.82, 0.83, 0.83, 0.83, 0.81, 0.78, 0.72, 0.64, 0.58, 0.52, 0.46, 0.41, 0.36, 0.32, 0.28, 0.25, 0.22, 0.19, 0.17, 0.16, 0.14, 0.13, 0.12, 0.11, 0.1, 0.09, 0.09, 0.08, 0.07, 0.07, 0.06, 0.06, 0.06, 0.05, 0.05, 0.05, 0.04, 0.04, 0.04, 0.04]","https://www.wind-turbine-models.com/turbines/983-general-electric-ge-2.75-120"
117,126,"GE Wind","GE 2.75-103","GE103/2750",2750,103,8331," 75;85;98.3;123.5","","","","","",True,True,"[0.0, 0.5, 1.0, 1.5, 2.0, 2.5, 3.0, 3.5, 4.0, 4.5, 5.0, 5.5, 6.0, 6.5, 7.0, 7.5, 8.0, 8.5, 9.0, 9.5, 10.0, 10.5, 11.0, 11.5, 12.0, 12.5, 13.0, 13.5, 14.0, 14.5, 15.0, 15.5, 16.0, 16.5, 17.0, 17.5, 18.0, 18.5, 19.0, 19.5, 20.0, 20.5, 21.0, 21.5, 22.0, 22.5, 23.0, 23.5, 24.0, 24.5, 25.0]","[0.0, 0.0, 0.0, 0.0, 0.0, 0.0, 17.0, 55.0, 104.0, 169.0, 251.0, 352.0, 470.0, 610.0, 772.0, 959.0, 1170.0, 1405.0, 1656.0, 1899.0, 2120.0, 2291.0, 2441.0, 2567.0, 2661.0, 2730.0, 2768.0, 2780.0, 2780.0, 2780.0, 2780.0, 2780.0, 2780.0, 2780.0, 2780.0, 2780.0, 2780.0, 2780.0, 2780.0, 2780.0, 2780.0, 2780.0, 2780.0, 2780.0, 2780.0, 2780.0, 2780.0, 2780.0, 2780.0, 2780.0, 2780.0]",True,"[0.0, 0.5, 1.0, 1.5, 2.0, 2.5, 3.0, 3.5, 4.0, 4.5, 5.0, 5.5, 6.0, 6.5, 7.0, 7.5, 8.0, 8.5, 9.0, 9.5, 10.0, 10.5, 11.0, 11.5, 12.0, 12.5, 13.0, 13.5, 14.0, 14.5, 15.0, 15.5, 16.0, 16.5, 17.0, 17.5, 18.0, 18.5, 19.0, 19.5, 20.0, 20.5, 21.0, 21.5, 22.0, 22.5, 23.0, 23.5, 24.0, 24.5, 25.0]","[0.0, 0.0, 0.0, 0.0, 0.0, 0.0, 0.12, 0.25, 0.32, 0.36, 0.39, 0.42, 0.43, 0.44, 0.44, 0.45, 0.45, 0.45, 0.45, 0.43, 0.42, 0.39, 0.36, 0.33, 0.3, 0.27, 0.25, 0.22, 0.2, 0.18, 0.16, 0.15, 0.13, 0.12, 0.11, 0.1, 0.09, 0.09, 0.08, 0.07, 0.07, 0.06, 0.06, 0.06, 0.05, 0.05, 0.05, 0.04, 0.04, 0.04, 0.04]",True,"[0.0, 0.5, 1.0, 1.5, 2.0, 2.5, 3.0, 3.5, 4.0, 4.5, 5.0, 5.5, 6.0, 6.5, 7.0, 7.5, 8.0, 8.5, 9.0, 9.5, 10.0, 10.5, 11.0, 11.5, 12.0, 12.5, 13.0, 13.5, 14.0, 14.5, 15.0, 15.5, 16.0, 16.5, 17.0, 17.5, 18.0, 18.5, 19.0, 19.5, 20.0, 20.5, 21.0, 21.5, 22.0, 22.5, 23.0, 23.5, 24.0, 24.5, 25.0]","[0.0, 0.0, 0.0, 0.0, 0.0, 0.0, 0.74, 0.73, 0.72, 0.73, 0.74, 0.75, 0.75, 0.75, 0.75, 0.75, 0.75, 0.75, 0.74, 0.71, 0.66, 0.59, 0.53, 0.48, 0.43, 0.38, 0.34, 0.3, 0.27, 0.24, 0.22, 0.19, 0.18, 0.16, 0.15, 0.13, 0.12, 0.11, 0.1, 0.1, 0.09, 0.08, 0.08, 0.07, 0.07, 0.06, 0.06, 0.06, 0.05, 0.05, 0.05]","https://www.wind-turbine-models.com/turbines/747-general-electric-ge-2.75-103"
118,127,"GE Wind","GE 2.75-100","GE100/2750",2750,100,7853," 75;85;98.3;123.5","","","","","","",False,"","",False,"","",False,"","","https://www.wind-turbine-models.com/turbines/748-general-electric-ge-2.75-100"
119,128,"GE Wind","GE 2.5-120","GE120/2500",2500,120,11308,"110; 139","","","","","",True,True,"[0.0, 0.5, 1.0, 1.5, 2.0, 2.5, 3.0, 3.5, 4.0, 4.5, 5.0, 5.5, 6.0, 6.5, 7.0, 7.5, 8.0, 8.5, 9.0, 9.5, 10.0, 10.5, 11.0, 11.5, 12.0, 12.5, 13.0, 13.5, 14.0, 14.5, 15.0, 15.5, 16.0, 16.5, 17.0, 17.5, 18.0, 18.5, 19.0, 19.5, 20.0]","[0.0, 0.0, 0.0, 0.0, 0.0, 0.0, 25.0, 89.0, 171.0, 269.0, 389.0, 533.0, 704.0, 906.0, 1136.0, 1400.0, 1674.0, 1934.0, 2160.0, 2316.0, 2416.0, 2477.0, 2514.0, 2528.0, 2530.0, 2530.0, 2530.0, 2530.0, 2530.0, 2530.0, 2530.0, 2530.0, 2530.0, 2530.0, 2530.0, 2530.0, 2530.0, 2530.0, 2530.0, 2530.0, 2530.0]",True,"[0.0, 0.5, 1.0, 1.5, 2.0, 2.5, 3.0, 3.5, 4.0, 4.5, 5.0, 5.5, 6.0, 6.5, 7.0, 7.5, 8.0, 8.5, 9.0, 9.5, 10.0, 10.5, 11.0, 11.5, 12.0, 12.5, 13.0, 13.5, 14.0, 14.5, 15.0, 15.5, 16.0, 16.5, 17.0, 17.5, 18.0, 18.5, 19.0, 19.5, 20.0]","[0.0, 0.0, 0.0, 0.0, 0.0, 0.0, 0.13, 0.3, 0.39, 0.43, 0.45, 0.46, 0.47, 0.48, 0.48, 0.48, 0.47, 0.46, 0.43, 0.39, 0.35, 0.31, 0.27, 0.24, 0.21, 0.19, 0.17, 0.15, 0.13, 0.12, 0.11, 0.1, 0.09, 0.08, 0.07, 0.065, 0.06, 0.055, 0.05, 0.05, 0.05]",True,"[0.0, 0.5, 1.0, 1.5, 2.0, 2.5, 3.0, 3.5, 4.0, 4.5, 5.0, 5.5, 6.0, 6.5, 7.0, 7.5, 8.0, 8.5, 9.0, 9.5, 10.0, 10.5, 11.0, 11.5, 12.0, 12.5, 13.0, 13.5, 14.0, 14.5, 15.0, 15.5, 16.0, 16.5, 17.0, 17.5, 18.0, 18.5, 19.0, 19.5, 20.0]","[0.0, 0.0, 0.0, 0.0, 0.0, 0.0, 0.92, 0.85, 0.82, 0.82, 0.82, 0.83, 0.83, 0.83, 0.81, 0.78, 0.73, 0.66, 0.58, 0.51, 0.44, 0.38, 0.33, 0.28, 0.25, 0.22, 0.2, 0.18, 0.16, 0.14, 0.13, 0.12, 0.11, 0.1, 0.09, 0.08, 0.08, 0.07, 0.07, 0.06, 0.08]","https://www.wind-turbine-models.com/turbines/310-general-electric-ge-2.5-120"
120,129,"GE Wind","GE 2.5-103","GE103/2500",2500,103,8331,"85; 110; 139","","IIIa","WZ 2",243.2,4.1,True,False,"","",False,"","",False,"","","https://www.wind-turbine-models.com/turbines/1293-general-electric-ge-2.5-103"
121,130,"GE Wind","GE 2.5-100","GE100/2500",2500,100,7853,"75/85","","","","","",True,True,"[0.0, 0.5, 1.0, 1.5, 2.0, 2.5, 3.0, 3.5, 4.0, 4.5, 5.0, 5.5, 6.0, 6.5, 7.0, 7.5, 8.0, 8.5, 9.0, 9.5, 10.0, 10.5, 11.0, 11.5, 12.0, 12.5, 13.0, 13.5, 14.0, 14.5, 15.0, 15.5, 16.0, 16.5, 17.0, 17.5, 18.0, 18.5, 19.0, 19.5, 20.0, 20.5, 21.0, 21.5, 22.0, 22.5, 23.0, 23.5, 24.0, 24.5, 25.0, 25.5, 26.0, 26.5, 27.0, 27.5, 28.0, 28.5, 29.0, 29.5, 30.0, 30.5, 31.0, 31.5, 32.0, 32.5, 33.0, 33.5, 34.0, 34.5, 35.0]","[0.0, 0.0, 0.0, 0.0, 0.0, 0.0, 0.0, 30.0, 63.0, 129.0, 194.0, 295.0, 395.0, 527.0, 658.0, 809.0, 959.0, 1152.0, 1345.0, 1604.0, 1862.0, 2060.0, 2248.0, 2340.0, 2426.0, 2475.0, 2495.0, 2500.0, 2500.0, 2500.0, 2500.0, 2500.0, 2500.0, 2500.0, 2500.0, 2500.0, 2500.0, 2500.0, 2500.0, 2500.0, 2500.0, 2500.0, 2500.0, 2500.0, 2500.0, 2500.0, 2500.0, 2500.0, 2500.0, 2500.0, 2500.0, 0.0, 0.0, 0.0, 0.0, 0.0, 0.0, 0.0, 0.0, 0.0, 0.0, 0.0, 0.0, 0.0, 0.0, 0.0, 0.0, 0.0, 0.0, 0.0, 0.0]",False,"","",False,"","","https://www.wind-turbine-models.com/turbines/641-general-electric-ge-2.5-100"
123,134,"Eno","ENO 126 4.0","ENO126/4000",4000,126,12467,"","","","","","","",False,"","",False,"","",False,"","","https://www.wind-turbine-models.com/turbines/1484-eno-energy-eno-126-4.0"
125,136,"Eno","ENO 114 4.8","ENO114/4800",4800,114,10206,"","","","","","","",False,"","",False,"","",False,"","","https://www.wind-turbine-models.com/turbines/1742-eno-energy-eno-114-4.8"
126,137,"Eno","ENO 114 4.0","ENO114/4000",4000,114,10206,"","","","","","","",False,"","",False,"","",False,"","","https://www.wind-turbine-models.com/turbines/1473-eno-energy-eno-114-4.0"
122,133,"Eno","ENO 126 4.8","ENO126/4800",4800,126,12467,"","","","","","","",False,""","",False,"","",False,"","",""https://www.wind-turbine-models.com/turbines/1741-eno-energy-eno-126-4.8","","","","","","","",""
97,104,"Senvion/REpower","MM92","MM92/2050",2050,93,6719,"68,5;80,0;100,0",15.0,"IEC IIa","",305.1,3.3,False,True,"[0.0, 1.0, 2.0, 3.0, 4.0, 5.0, 6.0, 7.0, 8.0, 9.0, 10.0, 11.0, 12.0, 13.0, 14.0, 15.0, 16.0, 17.0, 18.0, 19.0, 20.0, 21.0, 22.0, 23.0, 24.0, 25.0]","[0.0, 0.0, 0.0, 22.0, 93.1, 207.2, 388.2, 642.7, 991.2, 1355.7, 1780.0, 2012.6, 2048.0, 2055.0, 2055.0, 2055.0, 2055.0, 2055.0, 2055.0, 2055.0, 2055.0, 2055.0, 2055.0, 2055.0, 2055.0, 2055.0]",False,"","",False,"","","http://www.windenergie-im-binnenland.de/powercurve.php"
128,139,"Eno","ENO 100","ENO100/2200",2200,100,7853,"99","","","","","",True,True,"[3.0, 4.0, 5.0, 6.0, 7.0, 8.0, 9.0, 10.0, 11.0, 12.0, 13.0, 14.0, 15.0, 16.0, 17.0, 18.0, 19.0, 20.0, 21.0, 22.0, 23.0, 24.0, 25.0]","[38.0, 127.0, 262.0, 465.0, 741.0, 1100.0, 1515.0, 1883.0, 2100.0, 2200.0, 2200.0, 2200.0, 2200.0, 2200.0, 2200.0, 2200.0, 2200.0, 2200.0, 2200.0, 2200.0, 2200.0, 2200.0, 2200.0]",True,"[3.0, 4.0, 5.0, 6.0, 7.0, 8.0, 9.0, 10.0, 11.0, 12.0, 13.0, 14.0, 15.0, 16.0, 17.0, 18.0, 19.0, 20.0, 21.0, 22.0, 23.0, 24.0, 25.0]","[0.29, 0.408, 0.431, 0.443, 0.445, 0.442, 0.428, 0.388, 0.325, 0.262, 0.206, 0.165, 0.134, 0.111, 0.092, 0.078, 0.066, 0.057, 0.049, 0.043, 0.037, 0.033, 0.029]",True,"[3.0, 4.0, 5.0, 6.0, 7.0, 8.0, 9.0, 10.0, 11.0, 12.0, 13.0, 14.0, 15.0, 16.0, 17.0, 18.0, 19.0, 20.0, 21.0, 22.0, 23.0, 24.0, 25.0]","[0.792, 0.792, 0.792, 0.792, 0.792, 0.792, 0.76, 0.677, 0.493, 0.359, 0.275, 0.217, 0.176, 0.145, 0.122, 0.103, 0.089, 0.077, 0.067, 0.06, 0.053, 0.048, 0.043]","https://www.wind-turbine-models.com/turbines/651-eno-energy-eno-100"
129,140,"Eno","ENO 92","ENO92/2200",2200,92,6647,"","","","","","","",False,"","",False,"","",False,"","","https://www.wind-turbine-models.com/turbines/652-eno-energy-eno-92"
130,141,"Eno","ENO 82","ENO82/2050",2050,82,5280,"","","","","","",True,False,"","",False,"","",False,"","","http://www.eno-energy.com/produkte-leistungen/windenergieanlagen/eno-82-205-mw/#c86; https://www.wind-turbine-models.com/turbines/108-eno-energy-eno-82"
131,143,"Vestas","","V164/9500",9500,164,21121,"105; 140","","","","","","",True,"[0.0, 0.5, 1.0, 1.5, 2.0, 2.5, 3.0, 3.5, 4.0, 4.5, 5.0, 5.5, 6.0, 6.5, 7.0, 7.5, 8.0, 8.5, 9.0, 9.5, 10.0, 10.5, 11.0, 11.5, 12.0, 12.5, 13.0, 13.5, 14.0, 15.0, 15.5, 16.0, 16.5, 17.0, 17.5, 18.0, 18.5, 19.0, 19.5, 20.0, 20.5, 21.0, 21.5, 22.0, 22.5, 23.0, 23.5, 24.0, 24.5]","[0.0, 0.0, 0.0, 0.0, 0.0, 0.0, 0.0, 115.0, 249.0, 430.0, 613.0, 900.0, 1226.0, 1600.0, 2030.0, 2570.0, 3123.0, 3784.0, 4444.0, 5170.0, 5900.0, 6600.0, 7299.0, 7960.0, 8601.0, 9080.0, 9272.0, 9410.0, 9500.0, 9500.0, 9500.0, 9500.0, 9500.0, 9500.0, 9500.0, 9500.0, 9500.0, 9500.0, 9500.0, 9500.0, 9500.0, 9500.0, 9500.0, 9500.0, 9500.0, 9500.0, 9500.0, 9500.0, 9500.0]",False,"","",False,"","","http://www.mhivestasoffshore.com/; engauge digitizer; https://www.thewindpower.net/turbine_en_1476_mhi-vestas-offshore_v164-9500.php"
132,144,"Enercon","E-48 800","E48/800",800,48,1809,"50;55; 60;65;76","","","","","","",True,"[1.0, 2.0, 3.0, 4.0, 5.0, 6.0, 7.0, 8.0, 9.0, 10.0, 11.0, 12.0, 13.0, 14.0, 15.0, 16.0, 17.0, 18.0, 19.0, 20.0, 21.0, 22.0, 23.0, 24.0, 25.0]","[0.0, 0.0, 5.0, 25.0, 60.0, 110.0, 180.0, 275.0, 400.0, 555.0, 671.0, 750.0, 790.0, 810.0, 810.0, 810.0, 810.0, 810.0, 810.0, 810.0, 810.0, 810.0, 810.0, 810.0, 810.0]",True,"[1.0, 2.0, 3.0, 4.0, 5.0, 6.0, 7.0, 8.0, 9.0, 10.0, 11.0, 12.0, 13.0, 14.0, 15.0, 16.0, 17.0, 18.0, 19.0, 20.0, 21.0, 22.0, 23.0, 24.0, 25.0]","[0.0, 0.0, 0.17, 0.35, 0.43, 0.46, 0.47, 0.48, 0.5, 0.5, 0.45, 0.39, 0.32, 0.27, 0.22, 0.18, 0.15, 0.13, 0.11, 0.09, 0.08, 0.07, 0.06, 0.05, 0.05]",False,"","","http://www.windenergie-im-binnenland.de/powercurve.php"
133,145,"Vestas","V90/2000 GS","V90/2000/GS",2000,90,6361,"","","","","","","",True,"[4.0, 4.5, 5.0, 5.5, 6.0, 6.5, 7.0, 7.5, 8.0, 8.5, 9.0, 9.5, 10.0, 10.5, 11.0, 11.5, 12.0, 12.5, 13.0, 13.5, 14.0, 14.5, 15.0, 15.5, 16.0, 16.5, 17.0, 17.5, 18.0, 18.5, 19.0, 19.5, 20.0, 20.5, 21.0, 21.5, 22.0, 22.5, 23.0, 23.5, 24.0, 24.5, 25.0]","[75.0, 128.0, 190.0, 265.0, 354.0, 459.0, 582.0, 723.0, 883.0, 1058.0, 1240.0, 1427.0, 1604.0, 1762.0, 1893.0, 1968.0, 2005.0, 2021.0, 2027.0, 2029.0, 2030.0, 2030.0, 2030.0, 2030.0, 2030.0, 2030.0, 2030.0, 2030.0, 2030.0, 2030.0, 2030.0, 2030.0, 2030.0, 2030.0, 2030.0, 2030.0, 2030.0, 2030.0, 2030.0, 2030.0, 2030.0, 2030.0, 2030.0]",True,"[4.0, 4.5, 5.0, 5.5, 6.0, 6.5, 7.0, 7.5, 8.0, 8.5, 9.0, 9.5, 10.0, 10.5, 11.0, 11.5, 12.0, 12.5, 13.0, 13.5, 14.0, 14.5, 15.0, 15.5, 16.0, 16.5, 17.0, 17.5, 18.0, 18.5, 19.0, 19.5, 20.0, 20.5, 21.0, 21.5, 22.0, 22.5, 23.0, 23.5, 24.0, 24.5, 25.0]","[0.301, 0.36, 0.39, 0.409, 0.421, 0.429, 0.435, 0.44, 0.443, 0.442, 0.437, 0.427, 0.412, 0.391, 0.365, 0.332, 0.298, 0.266, 0.237, 0.212, 0.19, 0.171, 0.154, 0.14, 0.127, 0.116, 0.106, 0.097, 0.089, 0.082, 0.076, 0.07, 0.065, 0.06, 0.056, 0.052, 0.049, 0.046, 0.043, 0.04, 0.038, 0.035, 0.033]",True,"[4.0, 4.5, 5.0, 5.5, 6.0, 6.5, 7.0, 7.5, 8.0, 8.5, 9.0, 9.5, 10.0, 10.5, 11.0, 11.5, 12.0, 12.5, 13.0, 13.5, 14.0, 14.5, 15.0, 15.5, 16.0, 16.5, 17.0, 17.5, 18.0, 18.5, 19.0, 19.5, 20.0, 20.5, 21.0, 21.5, 22.0, 22.5, 23.0, 23.5, 24.0, 24.5, 25.0]","[0.838, 0.819, 0.81, 0.806, 0.806, 0.807, 0.808, 0.804, 0.791, 0.766, 0.73, 0.689, 0.643, 0.592, 0.537, 0.473, 0.412, 0.359, 0.314, 0.277, 0.246, 0.219, 0.197, 0.178, 0.161, 0.147, 0.134, 0.122, 0.112, 0.104, 0.096, 0.089, 0.083, 0.077, 0.072, 0.067, 0.063, 0.059, 0.055, 0.052, 0.049, 0.046, 0.044]","http://www.windenergie-im-binnenland.de/powercurve.php"
134,146,"Vestas","V100/1800","V100/1800",1800,100,7853,"","","","","","","",True,"[3.0, 3.5, 4.0, 4.5, 5.0, 5.5, 6.0, 6.5, 7.0, 7.5, 8.0, 8.5, 9.0, 9.5, 10.0, 10.5, 11.0, 11.5, 12.0, 13.0, 14.0, 15.0, 16.0, 17.0, 18.0, 19.0, 20.0]","[13.0, 52.0, 108.0, 177.0, 256.0, 350.0, 458.0, 589.0, 744.0, 916.0, 1106.0, 1312.0, 1510.0, 1663.0, 1749.0, 1784.0, 1796.0, 1799.0, 1800.0, 1800.0, 1800.0, 1800.0, 1800.0, 1800.0, 1800.0, 1800.0, 1800.0]",True,"[3.0, 3.5, 4.0, 4.5, 5.0, 5.5, 6.0, 6.5, 7.0, 7.5, 8.0, 8.5, 9.0, 9.5, 10.0, 10.5, 11.0, 11.5, 12.0, 13.0, 14.0, 15.0, 16.0, 17.0, 18.0, 19.0, 20.0]","[0.1, 0.252, 0.351, 0.404, 0.426, 0.437, 0.441, 0.446, 0.451, 0.451, 0.449, 0.444, 0.431, 0.403, 0.364, 0.32, 0.28, 0.246, 0.217, 0.17, 0.136, 0.111, 0.091, 0.076, 0.064, 0.055, 0.047]",True,"[3.0, 3.5, 4.0, 4.5, 5.0, 5.5, 6.0, 6.5, 7.0, 7.5, 8.0, 8.5, 9.0, 9.5, 10.0, 10.5, 11.0, 11.5, 12.0, 13.0, 14.0, 15.0, 16.0, 17.0, 18.0, 19.0, 20.0]","[0.868, 0.89, 0.882, 0.854, 0.826, 0.809, 0.803, 0.819, 0.809, 0.805, 0.792, 0.762, 0.707, 0.629, 0.541, 0.457, 0.387, 0.332, 0.287, 0.221, 0.176, 0.142, 0.117, 0.098, 0.084, 0.072, 0.062]","http://www.windenergie-im-binnenland.de/powercurve.php"
135,147,"Vestas","V100/1800 GS","V100/1800/GS",1800,100,7853,"","","","","","","",True,"[3.0, 3.5, 4.0, 4.5, 5.0, 5.5, 6.0, 6.5, 7.0, 7.5, 8.0, 8.5, 9.0, 9.5, 10.0, 10.5, 11.0, 11.5, 12.0, 12.5, 13.0, 13.5, 14.0, 14.5, 15.0, 15.5, 16.0, 16.5, 17.0, 17.5, 18.0, 18.5, 19.0, 19.5, 20.0]","[12.0, 40.0, 93.0, 161.0, 241.0, 336.0, 446.0, 575.0, 727.0, 900.0, 1094.0, 1304.0, 1510.0, 1673.0, 1771.0, 1814.0, 1829.0, 1834.0, 1835.0, 1835.0, 1835.0, 1835.0, 1835.0, 1835.0, 1835.0, 1835.0, 1835.0, 1835.0, 1835.0, 1835.0, 1835.0, 1835.0, 1835.0, 1835.0, 1835.0]",True,"[3.0, 3.5, 4.0, 4.5, 5.0, 5.5, 6.0, 6.5, 7.0, 7.5, 8.0, 8.5, 9.0, 9.5, 10.0, 10.5, 11.0, 11.5, 12.0, 12.5, 13.0, 13.5, 14.0, 14.5, 15.0, 15.5, 16.0, 16.5, 17.0, 17.5, 18.0, 18.5, 19.0, 19.5, 20.0]","[0.092, 0.194, 0.302, 0.367, 0.401, 0.42, 0.429, 0.435, 0.441, 0.443, 0.444, 0.441, 0.431, 0.406, 0.368, 0.326, 0.286, 0.251, 0.221, 0.195, 0.174, 0.155, 0.139, 0.125, 0.113, 0.102, 0.093, 0.085, 0.078, 0.071, 0.065, 0.06, 0.056, 0.051, 0.048]",True,"[3.0, 3.5, 4.0, 4.5, 5.0, 5.5, 6.0, 6.5, 7.0, 7.5, 8.0, 8.5, 9.0, 9.5, 10.0, 10.5, 11.0, 11.5, 12.0, 12.5, 13.0, 13.5, 14.0, 14.5, 15.0, 15.5, 16.0, 16.5, 17.0, 17.5, 18.0, 18.5, 19.0, 19.5, 20.0]","[0.87, 0.891, 0.882, 0.854, 0.825, 0.807, 0.802, 0.801, 0.803, 0.803, 0.796, 0.772, 0.724, 0.648, 0.559, 0.474, 0.401, 0.343, 0.297, 0.259, 0.228, 0.203, 0.181, 0.163, 0.146, 0.132, 0.12, 0.11, 0.101, 0.093, 0.086, 0.079, 0.074, 0.069, 0.064]","http://www.windenergie-im-binnenland.de/powercurve.php"
139,151,"Enercon","E-126/7580","E-126/7580",7580,127,12668,"127","","","Ia (DIBt WZ III)","","","",True,"[0.0, 0.5, 1.0, 1.5, 2.0, 2.5, 3.0, 3.5, 4.0, 4.5, 5.0, 5.5, 6.0, 6.5, 7.0, 7.5, 8.0, 8.5, 9.0, 9.5, 10.0, 10.5, 11.0, 11.5, 12.0, 12.5, 13.0, 13.5, 14.0, 14.5, 15.0, 15.5, 16.0, 16.5, 17.0, 17.5, 18.0, 18.5, 19.0, 19.5, 20.0, 20.5, 21.0, 21.5, 22.0, 22.5, 23.0, 23.5, 24.0, 24.5, 25.0, 25.5, 26.0, 26.5, 27.0, 27.5, 28.0, 28.5, 29.0, 29.5, 30.0, 30.5, 31.0, 31.5, 32.0, 32.5, 33.0, 33.5, 34.0, 34.5, 35.0]","[0.0, 0.0, 0.0, 0.0, 0.0, 25.0, 55.0, 110.0, 175.0, 293.0, 410.0, 585.0, 760.0, 1005.0, 1250.0, 1575.0, 1900.0, 2300.0, 2700.0, 3240.0, 3750.0, 4310.0, 4850.0, 5310.0, 5750.0, 6135.0, 6500.0, 6770.0, 7000.0, 7195.0, 7350.0, 7440.0, 7500.0, 7550.0, 7580.0, 7580.0, 7580.0, 7580.0, 7580.0, 7580.0, 7580.0, 7580.0, 7580.0, 7580.0, 7580.0, 7580.0, 7580.0, 7580.0, 7580.0, 7580.0, 7580.0, 0.0, 0.0, 0.0, 0.0, 0.0, 0.0, 0.0, 0.0, 0.0, 0.0, 0.0, 0.0, 0.0, 0.0, 0.0, 0.0, 0.0, 0.0, 0.0, 0.0]",False,"","",False,"","","https://www.thewindpower.net/turbine_en_600_enercon_e126-7580.php"
137,149,"aerodyn","SCD 168 8000","SCD168/8000",8000,168,22164,"","","","","","","",True,"[1.0, 2.0, 3.0, 4.0, 5.0, 6.0, 7.0, 8.0, 9.0, 10.0, 11.0, 12.0, 13.0, 14.0, 15.0, 16.0, 17.0, 18.0, 19.0, 20.0, 21.0, 22.0, 23.0, 24.0]","[0.0, 0.0, 0.0, 100.0, 500.0, 1000.0, 2000.0, 3000.0, 4000.0, 5000.0, 6000.0, 7500.0, 8000.0, 8000.0, 8000.0, 8000.0, 8000.0, 8000.0, 8000.0, 8000.0, 8000.0, 8000.0, 8000.0, 8000.0]",False,"","",False,"","","https://www.wind-turbine-models.com/turbines/1116-aerodyn-scd-8.0-168"
138,150,"Enercon","E-126/7500","E-126/7500",7500,127,12666,"125","","","",1.69,"","",True,"[0.0, 0.5, 1.0, 1.5, 2.0, 2.5, 3.0, 3.5, 4.0, 4.5, 5.0, 5.5, 6.0, 6.5, 7.0, 7.5, 8.0, 8.5, 9.0, 9.5, 10.0, 10.5, 11.0, 11.5, 12.0, 12.5, 13.0, 13.5, 14.0, 14.5, 15.0, 15.5, 16.0, 16.5, 17.0, 17.5, 18.0, 18.5, 19.0, 19.5, 20.0, 20.5, 21.0, 21.5, 22.0, 22.5, 23.0, 23.5, 24.0, 24.5, 25.0]","[0.0, 0.0, 0.0, 0.0, 0.0, 25.0, 55.0, 110.0, 175.0, 290.0, 410.0, 580.0, 760.0, 1005.0, 1250.0, 1575.0, 1900.0, 2300.0, 2700.0, 3225.0, 3750.0, 4300.0, 4850.0, 5300.0, 5750.0, 6125.0, 6500.0, 6780.0, 7000.0, 7200.0, 7350.0, 7450.0, 7500.0, 7560.0, 7580.0, 7580.0, 7580.0, 7580.0, 7580.0, 7580.0, 7580.0, 7580.0, 7580.0, 7580.0, 7580.0, 7580.0, 7580.0, 7580.0, 7580.0, 7580.0, 7580.0]",False,"","",False,"","","https://www.thewindpower.net/turbine_en_225_enercon_e126-7500.php"
140,152,"IEA","IEA 15 MW offshore reference turbine","IEA-15-240-RWT",15000,240,49087,"150",7.56,"IEC Class IB","TEXT",305.58,3.27,True,True,"[3.0, 3.5, 4.0, 4.5, 4.8, 5.0, 5.2, 6.0, 6.2, 6.4, 6.5, 6.6, 6.7, 6.8, 6.9, 7.0, 7.5, 8.0, 8.5, 9.0, 9.5, 10.0, 10.2, 10.5, 10.6, 10.7, 10.8, 10.9, 11.0, 11.2, 11.5, 11.8, 12.0, 13.0, 14.0, 15.0, 17.5, 20.0, 22.5, 25.0]","[70.0, 302.0, 595.1, 964.9, 1185.1, 1429.2, 1695.2, 2656.3, 2957.2, 3275.7, 3442.7, 3615.0, 3791.2, 3972.0, 4192.4, 4283.9, 5338.8, 6481.1, 7774.6, 9229.2, 10855.0, 12661.2, 13638.2, 14660.7, 14994.8, 14994.6, 14994.5, 14994.4, 14994.3, 14994.0, 14994.1, 14994.2, 14994.2, 14994.8, 14994.8, 14994.8, 14994.8, 14994.8, 14996.3, 14997.6]",True,"[3.0, 3.5, 4.0, 4.5, 4.8, 5.0, 5.2, 6.0, 6.2, 6.4, 6.5, 6.6, 6.7, 6.8, 6.9, 7.0, 7.5, 8.0, 8.5, 9.0, 9.5, 10.0, 10.2, 10.5, 10.6, 10.7, 10.8, 10.9, 11.0, 11.2, 11.5, 11.8, 12.0, 13.0, 14.0, 15.0, 17.5, 20.0, 22.5, 25.0]","[0.1003,0.2722,0.3593,0.4092,0.4273,0.4418,0.4527,0.4753,0.4795,0.4829,0.4844,0.4859,0.4871,0.4881,0.4890,0.4892,0.4892,0.4893,0.4893,0.4893,0.4893,0.4893,0.4894,0.4894,0.4865,0.4703,0.4616,0.4474,0.4353,0.4069,0.3810,0.3572,0.3353,0.2637,0.2111,0.1717,0.1081,0.0724,0.0508,0.0371]",True,"[3.0, 3.5, 4.0, 4.5, 4.8, 5.0, 5.2, 6.0, 6.2, 6.4, 6.5, 6.6, 6.7, 6.8, 6.9, 7.0, 7.5, 8.0, 8.5, 9.0, 9.5, 10.0, 10.2, 10.5, 10.6, 10.7, 10.8, 10.9, 11.0, 11.2, 11.5, 11.8, 12.0, 13.0, 14.0, 15.0, 17.5, 20.0, 22.5, 25.0]","[0.8197,0.8011,0.8083,0.8219,0.8229,0.8233,0.8310,0.8349,0.8336,0.8318,0.8290,0.8247,0.8204,0.8162,0.8097,0.8066,0.8055,0.8046,0.8039,0.8039,0.8037,0.8035,0.8017,0.8018,0.7687,0.6985,0.6723,0.6353,0.6073,0.5490,0.5014,0.4610,0.4260,0.3212,0.2511,0.2014,0.1257,0.0851,0.0610,0.0458]","IEA-Wind-Task37 GitHub Repository: https://github.com/IEAWindTask37/IEA-15-240-RWT/blob/master/Documentation/IEA-15-240-RWT_tabular.xlsx"
9,10,"Enercon","E-82/2300 E2","E-82/2300",2300,82,5280,"78; 84; 85; 98; 108; 138",18.0,"IEC/EN IIA","WZ III; WZ 4; WZ 4 GK I",435.5,2.3,True,True,"[1.0, 2.0, 3.0, 4.0, 5.0, 6.0, 7.0, 8.0, 9.0, 10.0, 11.0, 12.0, 13.0, 14.0, 15.0, 16.0, 17.0, 18.0, 19.0, 20.0, 21.0, 22.0, 23.0, 24.0, 25.0]","[0.0, 3.0, 25.0, 82.0, 174.0, 321.0, 532.0, 815.0, 1180.0, 1580.0, 1890.0, 2100.0, 2250.0, 2350.0, 2350.0, 2350.0, 2350.0, 2350.0, 2350.0, 2350.0, 2350.0, 2350.0, 2350.0, 2350.0, 2350.0]",True,"[1.0, 2.0, 3.0, 4.0, 5.0, 6.0, 7.0, 8.0, 9.0, 10.0, 11.0, 12.0, 13.0, 14.0, 15.0, 16.0, 17.0, 18.0, 19.0, 20.0, 21.0, 22.0, 23.0, 24.0, 25.0]","[0.0, 0.12, 0.29, 0.4, 0.43, 0.46, 0.48, 0.49, 0.5, 0.49, 0.44, 0.38, 0.32, 0.26, 0.22, 0.18, 0.15, 0.12, 0.11, 0.09, 0.08, 0.07, 0.06, 0.05, 0.05]",False,"","","https://www.enercon.de/fileadmin/Redakteur/Medien-Portal/broschueren/pdf/ENERCON_Produkt_de_042017.pdf; https://www.wind-turbine-models.com/turbines/"
114,123,"GE Wind","GE 3.2-130","GE130/3200",3200,130,13272,"85;110;134;155","","IIIa","2","","",True,True,"[3.0, 3.5, 4.0, 4.5, 5.0, 5.5, 6.0, 6.5, 7.0, 7.5, 8.0, 8.5, 9.0, 9.5, 10.0, 10.5, 11.0, 11.5, 12.0, 12.5, 13.0, 13.5, 14.0, 14.5, 15.0, 15.5, 16.0, 16.5, 17.0, 17.5, 18.0, 18.5, 19.0, 19.5, 20.0, 20.5, 21.0, 21.5, 22.0, 22.5, 23.0, 23.5, 24.0, 24.5, 25.0]","[56.0, 128.0, 215.0, 321.0, 449.0, 606.0, 791.0, 1010.0, 1263.0, 1547.0, 1857.0, 2175.0, 2473.0, 2737.0, 2933.0, 3067.0, 3164.0, 3202.0, 3221.0, 3229.0, 3230.0, 3230.0, 3230.0, 3230.0, 3230.0, 3230.0, 3230.0, 3230.0, 3230.0, 3230.0, 3230.0, 3230.0, 3230.0, 3230.0, 3230.0, 3230.0, 3230.0, 3230.0, 3230.0, 3230.0, 3230.0, 3230.0, 3230.0, 3230.0, 3230.0]",True,"[3.0, 3.5, 4.0, 4.5, 5.0, 5.5, 6.0, 6.5, 7.0, 7.5, 8.0, 8.5, 9.0, 9.5, 10.0, 10.5, 11.0, 11.5, 12.0, 12.5, 13.0, 13.5, 14.0, 14.5, 15.0, 15.5, 16.0, 16.5, 17.0, 17.5, 18.0, 18.5, 19.0, 19.5, 20.0, 20.5, 21.0, 21.5, 22.0, 22.5, 23.0, 23.5, 24.0, 24.5, 25.0]","[0.255, 0.367, 0.413, 0.433, 0.442, 0.448, 0.45, 0.452, 0.443, 0.451, 0.446, 0.436, 0.417, 0.393, 0.361, 0.326, 0.292, 0.259, 0.229, 0.203, 0.181, 0.161, 0.145, 0.13, 0.118, 0.107, 0.097, 0.088, 0.081, 0.074, 0.068, 0.063, 0.058, 0.054, 0.05, 0.046, 0.043, 0.04, 0.037, 0.035, 0.033, 0.031, 0.029, 0.027, 0.025]",True,"[3.0, 3.5, 4.0, 4.5, 5.0, 5.5, 6.0, 6.5, 7.0, 7.5, 8.0, 8.5, 9.0, 9.5, 10.0, 10.5, 11.0, 11.5, 12.0, 12.5, 13.0, 13.5, 14.0, 14.5, 15.0, 15.5, 16.0, 16.5, 17.0, 17.5, 18.0, 18.5, 19.0, 19.5, 20.0, 20.5, 21.0, 21.5, 22.0, 22.5, 23.0, 23.5, 24.0, 24.5, 25.0]","[1.0, 0.9, 0.87, 0.85, 0.84, 0.83, 0.83, 0.83, 0.83, 0.82, 0.79, 0.74, 0.68, 0.61, 0.55, 0.48, 0.42, 0.37, 0.32, 0.28, 0.25, 0.22, 0.2, 0.18, 0.16, 0.14, 0.13, 0.12, 0.11, 0.1, 0.09, 0.09, 0.08, 0.08, 0.07, 0.07, 0.06, 0.06, 0.05, 0.05, 0.05, 0.05, 0.04, 0.04, 0.04]","https://www.wind-turbine-models.com/turbines/1290-general-electric-ge-3.2-130"
136,148,"Vestas","V117-3.6","V117/3600",3600,117,10750,"","","","","","","",True,"[3.0, 3.5, 4.0, 4.5, 5.0, 5.5, 6.0, 6.5, 7.0, 7.5, 8.0, 8.5, 9.0, 9.5, 10.0, 10.5, 11.0, 11.5, 12.0, 12.5, 13.0, 13.5, 14.0, 14.5, 15.0, 15.5, 16.0, 16.5, 17.0, 17.5, 18.0, 18.5, 19.0, 19.5, 20.0, 20.5, 21.0, 21.5, 22.0, 22.5, 23.0, 23.5, 24.0, 24.5, 25.0]","[22.0, 78.0, 150.0, 237.0, 340.0, 466.0, 617.0, 796.0, 1006.0, 1247.0, 1522.0, 1830.0, 2176.0, 2541.0, 2903.0, 3209.0, 3418.0, 3543.0, 3589.0, 3599.0, 3600.0, 3600.0, 3600.0, 3600.0, 3600.0, 3600.0, 3600.0, 3600.0, 3600.0, 3600.0, 3600.0, 3600.0, 3600.0, 3600.0, 3600.0, 3600.0, 3600.0, 3600.0, 3600.0, 3600.0, 3600.0, 3600.0, 3600.0, 3600.0, 3600.0]",True,"[3.0, 3.5, 4.0, 4.5, 5.0, 5.5, 6.0, 6.5, 7.0, 7.5, 8.0, 8.5, 9.0, 9.5, 10.0, 10.5, 11.0, 11.5, 12.0, 12.5, 13.0, 13.5, 14.0, 14.5, 15.0, 15.5, 16.0, 16.5, 17.0, 17.5, 18.0, 18.5, 19.0, 19.5, 20.0, 20.5, 21.0, 21.5, 22.0, 22.5, 23.0, 23.5, 24.0, 24.5, 25.0]","[0.124, 0.276, 0.356, 0.395, 0.413, 0.425, 0.434, 0.44, 0.445, 0.449, 0.451, 0.453, 0.453, 0.45, 0.441, 0.421, 0.39, 0.354, 0.315, 0.28, 0.249, 0.222, 0.199, 0.179, 0.162, 0.147, 0.133, 0.122, 0.111, 0.102, 0.094, 0.086, 0.08, 0.074, 0.068, 0.063, 0.059, 0.055, 0.051, 0.048, 0.045, 0.042, 0.04, 0.037, 0.035]",True,"[3.0, 3.5, 4.0, 4.5, 5.0, 5.5, 6.0, 6.5, 7.0, 7.5, 8.0, 8.5, 9.0, 9.5, 10.0, 10.5, 11.0, 11.5, 12.0, 12.5, 13.0, 13.5, 14.0, 14.5, 15.0, 15.5, 16.0, 16.5, 17.0, 17.5, 18.0, 18.5, 19.0, 19.5, 20.0, 20.5, 21.0, 21.5, 22.0, 22.5, 23.0, 23.5, 24.0, 24.5, 25.0]","[0.873, 0.849, 0.835, 0.828, 0.827, 0.825, 0.82, 0.816, 0.815, 0.804, 0.794, 0.786, 0.787, 0.769, 0.73, 0.667, 0.589, 0.513, 0.442, 0.381, 0.332, 0.294, 0.261, 0.233, 0.209, 0.188, 0.171, 0.156, 0.142, 0.131, 0.12, 0.111, 0.102, 0.095, 0.089, 0.083, 0.077, 0.073, 0.069, 0.064, 0.06, 0.057, 0.054, 0.051, 0.048]","http://www.windenergie-im-binnenland.de/powercurve.php"
82,88,"Adwen/Areva","M5000-116","AD116/5000",5000,116,10567,"90;102",14.8,"","",473.1,2.1,True,True,"[0.0, 0.5, 1.0, 1.5, 2.0, 2.5, 3.0, 3.5, 4.0, 4.5, 5.0, 5.5, 6.0, 6.5, 7.0, 7.5, 8.0, 8.5, 9.0, 9.5, 10.0, 10.5, 11.0, 11.5, 12.0, 12.5, 13.0, 13.5, 14.0, 14.5, 15.0, 15.5, 16.0, 16.5, 17.0, 17.5, 18.0, 18.5, 19.0, 19.5, 20.0, 20.5, 21.0, 21.5, 22.0, 22.5, 23.0, 23.5, 24.0, 24.5, 25.0, 25.5, 26.0, 26.5, 27.0, 27.5, 28.0, 28.5, 29.0, 29.5, 30.0]","[0.0, 0.0, 0.0, 0.0, 0.0, 0.0, 0.0, 0.0, 50.0, 165.0, 280.0, 410.0, 540.0, 705.0, 870.0, 1102.5, 1335.0, 1630.0, 1925.0, 2270.0, 2615.0, 3115.0, 3615.0, 4205.0, 4795.0, 5000.0, 5000.0, 5000.0, 5000.0, 5000.0, 5000.0, 5000.0, 5000.0, 5000.0, 5000.0, 5000.0, 5000.0, 5000.0, 5000.0, 5000.0, 5000.0, 5000.0, 5000.0, 5000.0, 5000.0, 5000.0, 5000.0, 5000.0, 5000.0, 5000.0, 5000.0, 0.0, 0.0, 0.0, 0.0, 0.0, 0.0, 0.0, 0.0, 0.0, 0.0]",False,"","",False,"","","https://www.wind-turbine-models.com/turbines/23-areva-m5000-116 ; https://www.thewindpower.net/turbine_en_1048_adwen_ad-5-132.php"
54,58,"Vestas","V90-2.0 MW","V90/2000",2000,90,6361,"80;","","IEC IIA/IEC S","",314.4,3.2,True,True,"[0.0, 0.5, 1.0, 1.5, 2.0, 2.5, 3.0, 3.5, 4.0, 4.5, 5.0, 5.5, 6.0, 6.5, 7.0, 7.5, 8.0, 8.5, 9.0, 9.5, 10.0, 10.5, 11.0, 11.5, 12.0, 12.5, 13.0, 13.5, 14.0, 14.5, 15.0, 15.5, 16.0, 16.5]","[0.0, 0.0, 0.0, 0.0, 0.0, 0.0, 0.0, 42.2, 93.3, 145.2, 211.3, 284.2, 390.9, 491.5, 601.1, 731.8, 884.5, 1087.6, 1247.1, 1429.6, 1594.3, 1742.9, 1861.2, 1948.1, 1993.3, 2003.5, 2007.0, 2007.7, 2007.3, 2007.4, 2007.0, 2006.8, 2006.7, 2006.5]",True,"[0.0, 0.5, 1.0, 1.5, 2.0, 2.5, 3.0, 3.5, 4.0, 4.5, 5.0, 5.5, 6.0, 6.5, 7.0, 7.5, 8.0, 8.5, 9.0, 9.5, 10.0, 10.5, 11.0, 11.5, 12.0, 12.5, 13.0, 13.5, 14.0, 14.5, 15.0, 15.5, 16.0, 16.5]","[0.0, 0.0, 0.0, 0.0, 0.0, 0.0, 0.0, 0.254, 0.379, 0.407, 0.433, 0.438, 0.46, 0.461, 0.449, 0.447, 0.442, 0.452, 0.439, 0.43, 0.408, 0.389, 0.361, 0.327, 0.296, 0.262, 0.234, 0.211, 0.188, 0.168, 0.153, 0.139, 0.128, 0.116]",False,"","","https://www.wind-turbine-models.com/turbines/16-vestas-v90"
